[{"model": "admin.logentry", "pk": 1, "fields": {"action_time": "2024-08-13T23:24:30.936Z", "user": 1, "content_type": 7, "object_id": "1", "object_repr": "Sonitum", "action_flag": 1, "change_message": "[{\"added\": {}}]"}}, {"model": "admin.logentry", "pk": 2, "fields": {"action_time": "2024-08-13T23:26:12.581Z", "user": 1, "content_type": 8, "object_id": "1", "object_repr": "Electronics", "action_flag": 1, "change_message": "[{\"added\": {}}]"}}, {"model": "admin.logentry", "pk": 3, "fields": {"action_time": "2024-08-13T23:27:09.916Z", "user": 1, "content_type": 17, "object_id": "1", "object_repr": "Accesories and Supplies", "action_flag": 1, "change_message": "[{\"added\": {}}]"}}, {"model": "admin.logentry", "pk": 4, "fields": {"action_time": "2024-08-13T23:37:11.007Z", "user": 1, "content_type": 12, "object_id": "1", "object_repr": "Kids Headphones", "action_flag": 1, "change_message": "[{\"added\": {}}, {\"added\": {\"name\": \"thumbnail\", \"object\": \"Thumbnail for Kids Headphones\"}}, {\"added\": {\"name\": \"thumbnail\", \"object\": \"Thumbnail for Kids Headphones\"}}, {\"added\": {\"name\": \"thumbnail\", \"object\": \"Thumbnail for Kids Headphones\"}}, {\"added\": {\"name\": \"thumbnail\", \"object\": \"Thumbnail for Kids Headphones\"}}]"}}, {"model": "admin.logentry", "pk": 5, "fields": {"action_time": "2024-08-23T16:22:05.442Z", "user": 1, "content_type": 17, "object_id": "2", "object_repr": "Computers and Accesories", "action_flag": 1, "change_message": "[{\"added\": {}}]"}}, {"model": "admin.logentry", "pk": 6, "fields": {"action_time": "2024-08-23T16:25:41.998Z", "user": 1, "content_type": 7, "object_id": "2", "object_repr": "Voova", "action_flag": 1, "change_message": "[{\"added\": {}}]"}}, {"model": "admin.logentry", "pk": 7, "fields": {"action_time": "2024-08-23T16:27:56.634Z", "user": 1, "content_type": 10, "object_id": "1", "object_repr": "Size", "action_flag": 1, "change_message": "[{\"added\": {}}, {\"added\": {\"name\": \"variation value\", \"object\": \"Size: 13-13.6 Inch\"}}, {\"added\": {\"name\": \"variation value\", \"object\": \"Size: 14-15 Inch\"}}, {\"added\": {\"name\": \"variation value\", \"object\": \"Size: 15.6- 16 Inch\"}}]"}}, {"model": "admin.logentry", "pk": 8, "fields": {"action_time": "2024-08-23T16:28:33.874Z", "user": 1, "content_type": 10, "object_id": "2", "object_repr": "Color", "action_flag": 1, "change_message": "[{\"added\": {}}, {\"added\": {\"name\": \"variation value\", \"object\": \"Color: teal\"}}, {\"added\": {\"name\": \"variation value\", \"object\": \"Color: black\"}}, {\"added\": {\"name\": \"variation value\", \"object\": \"Color: pink\"}}]"}}, {"model": "admin.logentry", "pk": 9, "fields": {"action_time": "2024-08-23T16:29:38.153Z", "user": 1, "content_type": 19, "object_id": "7", "object_repr": "Size: 13-13.6 Inch", "action_flag": 1, "change_message": "[{\"added\": {}}]"}}, {"model": "admin.logentry", "pk": 10, "fields": {"action_time": "2024-08-23T16:30:01.226Z", "user": 1, "content_type": 19, "object_id": "8", "object_repr": "Size: 14-15 Inch", "action_flag": 1, "change_message": "[{\"added\": {}}]"}}, {"model": "admin.logentry", "pk": 11, "fields": {"action_time": "2024-08-23T16:30:28.033Z", "user": 1, "content_type": 19, "object_id": "9", "object_repr": "Size: 15.6-16 Inch", "action_flag": 1, "change_message": "[{\"added\": {}}]"}}, {"model": "admin.logentry", "pk": 12, "fields": {"action_time": "2024-08-23T16:30:42.778Z", "user": 1, "content_type": 19, "object_id": "10", "object_repr": "Color: black", "action_flag": 1, "change_message": "[{\"added\": {}}]"}}, {"model": "admin.logentry", "pk": 13, "fields": {"action_time": "2024-08-23T16:30:56.470Z", "user": 1, "content_type": 19, "object_id": "11", "object_repr": "Color: teal", "action_flag": 1, "change_message": "[{\"added\": {}}]"}}, {"model": "admin.logentry", "pk": 14, "fields": {"action_time": "2024-08-23T16:31:07.767Z", "user": 1, "content_type": 19, "object_id": "12", "object_repr": "Color: pink", "action_flag": 1, "change_message": "[{\"added\": {}}]"}}, {"model": "admin.logentry", "pk": 15, "fields": {"action_time": "2024-08-23T16:31:12.624Z", "user": 1, "content_type": 12, "object_id": "2", "object_repr": "Voova Puffy Laptop Sleeve", "action_flag": 1, "change_message": "[{\"added\": {}}, {\"added\": {\"name\": \"thumbnail\", \"object\": \"Thumbnail for Voova Puffy Laptop Sleeve\"}}, {\"added\": {\"name\": \"thumbnail\", \"object\": \"Thumbnail for Voova Puffy Laptop Sleeve\"}}, {\"added\": {\"name\": \"thumbnail\", \"object\": \"Thumbnail for Voova Puffy Laptop Sleeve\"}}, {\"added\": {\"name\": \"thumbnail\", \"object\": \"Thumbnail for Voova Puffy Laptop Sleeve\"}}, {\"added\": {\"name\": \"thumbnail\", \"object\": \"Thumbnail for Voova Puffy Laptop Sleeve\"}}, {\"added\": {\"name\": \"variation\", \"object\": \"Size: Size: 13-13.6 Inch, Size: 14-15 Inch, Size: 15.6-16 Inch, Color: black, Color: teal, Color: pink for Voova Puffy Laptop Sleeve\"}}]"}}, {"model": "admin.logentry", "pk": 16, "fields": {"action_time": "2024-08-23T16:31:38.673Z", "user": 1, "content_type": 12, "object_id": "3", "object_repr": "Voova Puffy Laptop Sleeve", "action_flag": 1, "change_message": "[{\"added\": {}}, {\"added\": {\"name\": \"thumbnail\", \"object\": \"Thumbnail for Voova Puffy Laptop Sleeve\"}}, {\"added\": {\"name\": \"variation\", \"object\": \"Size: Size: 13-13.6 Inch, Size: 14-15 Inch, Size: 15.6-16 Inch, Color: black, Color: teal, Color: pink for Voova Puffy Laptop Sleeve\"}}]"}}, {"model": "admin.logentry", "pk": 17, "fields": {"action_time": "2024-08-23T16:32:29.127Z", "user": 1, "content_type": 12, "object_id": "3", "object_repr": "Voova Puffy Laptop Sleeve", "action_flag": 3, "change_message": ""}}, {"model": "admin.logentry", "pk": 18, "fields": {"action_time": "2024-08-23T16:33:09.842Z", "user": 1, "content_type": 17, "object_id": "2", "object_repr": "Computers and Accesories", "action_flag": 2, "change_message": "[]"}}, {"model": "admin.logentry", "pk": 19, "fields": {"action_time": "2024-08-24T11:33:29.926Z", "user": 1, "content_type": 8, "object_id": "1", "object_repr": "Electronics", "action_flag": 2, "change_message": "[{\"changed\": {\"fields\": [\"Subcategories\"]}}]"}}, {"model": "admin.logentry", "pk": 20, "fields": {"action_time": "2024-08-24T12:35:18.789Z", "user": 1, "content_type": 12, "object_id": "1", "object_repr": "Kids Headphones", "action_flag": 2, "change_message": "[{\"changed\": {\"fields\": [\"Caption\"]}}]"}}, {"model": "admin.logentry", "pk": 21, "fields": {"action_time": "2024-08-24T19:23:17.370Z", "user": 1, "content_type": 12, "object_id": "1", "object_repr": "Kids Headphones", "action_flag": 2, "change_message": "[{\"changed\": {\"fields\": [\"Caption\"]}}]"}}, {"model": "admin.logentry", "pk": 22, "fields": {"action_time": "2024-08-24T21:55:52.810Z", "user": 1, "content_type": 8, "object_id": "1", "object_repr": "Electronics", "action_flag": 2, "change_message": "[{\"changed\": {\"fields\": [\"Image\"]}}]"}}, {"model": "admin.logentry", "pk": 23, "fields": {"action_time": "2024-08-24T22:03:56.688Z", "user": 1, "content_type": 8, "object_id": "1", "object_repr": "Electronics", "action_flag": 2, "change_message": "[{\"changed\": {\"fields\": [\"Theme color\", \"Image\"]}}]"}}, {"model": "admin.logentry", "pk": 24, "fields": {"action_time": "2024-08-24T22:09:06.012Z", "user": 1, "content_type": 8, "object_id": "1", "object_repr": "Electronics", "action_flag": 2, "change_message": "[{\"changed\": {\"fields\": [\"Image\"]}}]"}}, {"model": "admin.logentry", "pk": 25, "fields": {"action_time": "2024-08-31T07:24:16.212Z", "user": 1, "content_type": 12, "object_id": "1", "object_repr": "Kids Headphones", "action_flag": 2, "change_message": "[]"}}, {"model": "admin.logentry", "pk": 26, "fields": {"action_time": "2024-08-31T08:41:08.047Z", "user": 1, "content_type": 21, "object_id": "1", "object_repr": "Fashion Forward", "action_flag": 1, "change_message": "[{\"added\": {}}]"}}, {"model": "admin.logentry", "pk": 27, "fields": {"action_time": "2024-08-31T09:24:20.114Z", "user": 1, "content_type": 21, "object_id": "1", "object_repr": "Fashion Forward", "action_flag": 2, "change_message": "[{\"changed\": {\"fields\": [\"Clip theme color\"]}}]"}}, {"model": "admin.logentry", "pk": 28, "fields": {"action_time": "2024-08-31T09:24:59.358Z", "user": 1, "content_type": 21, "object_id": "1", "object_repr": "Fashion Forward", "action_flag": 2, "change_message": "[]"}}, {"model": "admin.logentry", "pk": 29, "fields": {"action_time": "2024-08-31T09:30:40.481Z", "user": 1, "content_type": 21, "object_id": "1", "object_repr": "Fashion Forward", "action_flag": 2, "change_message": "[]"}}, {"model": "admin.logentry", "pk": 30, "fields": {"action_time": "2024-08-31T09:30:46.315Z", "user": 1, "content_type": 21, "object_id": "1", "object_repr": "Fashion Forward", "action_flag": 2, "change_message": "[]"}}, {"model": "admin.logentry", "pk": 31, "fields": {"action_time": "2024-08-31T09:36:45.214Z", "user": 1, "content_type": 21, "object_id": "1", "object_repr": "Fashion Forward", "action_flag": 2, "change_message": "[{\"changed\": {\"fields\": [\"Clip theme color\", \"Background theme color\"]}}]"}}, {"model": "admin.logentry", "pk": 32, "fields": {"action_time": "2024-08-31T09:49:13.013Z", "user": 1, "content_type": 21, "object_id": "1", "object_repr": "Fashion Forward", "action_flag": 2, "change_message": "[{\"changed\": {\"fields\": [\"Img\"]}}]"}}, {"model": "admin.logentry", "pk": 33, "fields": {"action_time": "2024-08-31T09:58:57.485Z", "user": 1, "content_type": 21, "object_id": "1", "object_repr": "Fashion Forward", "action_flag": 2, "change_message": "[{\"changed\": {\"fields\": [\"Img\"]}}]"}}, {"model": "admin.logentry", "pk": 34, "fields": {"action_time": "2024-09-03T20:35:42.278Z", "user": 1, "content_type": 21, "object_id": "1", "object_repr": "Fashion Forward", "action_flag": 2, "change_message": "[{\"changed\": {\"fields\": [\"Call to action text\", \"Clip theme color\", \"Background theme color\", \"Text theme color\"]}}]"}}, {"model": "admin.logentry", "pk": 35, "fields": {"action_time": "2024-09-03T20:39:29.864Z", "user": 1, "content_type": 21, "object_id": "1", "object_repr": "Fashion Forward", "action_flag": 2, "change_message": "[{\"changed\": {\"fields\": [\"Button theme color\", \"Background theme color\"]}}]"}}, {"model": "admin.logentry", "pk": 36, "fields": {"action_time": "2024-09-03T20:42:50.157Z", "user": 1, "content_type": 21, "object_id": "1", "object_repr": "Fashion Forward", "action_flag": 2, "change_message": "[{\"changed\": {\"fields\": [\"Clip theme color\", \"Background theme color\"]}}]"}}, {"model": "admin.logentry", "pk": 37, "fields": {"action_time": "2024-09-03T20:44:29.461Z", "user": 1, "content_type": 21, "object_id": "1", "object_repr": "Fashion Forward", "action_flag": 2, "change_message": "[{\"changed\": {\"fields\": [\"Clip theme color\"]}}]"}}, {"model": "admin.logentry", "pk": 38, "fields": {"action_time": "2024-09-03T20:45:43.529Z", "user": 1, "content_type": 21, "object_id": "1", "object_repr": "Fashion Forward", "action_flag": 2, "change_message": "[{\"changed\": {\"fields\": [\"Clip theme color\"]}}]"}}, {"model": "admin.logentry", "pk": 39, "fields": {"action_time": "2024-09-03T20:47:02.015Z", "user": 1, "content_type": 21, "object_id": "1", "object_repr": "Fashion Forward", "action_flag": 2, "change_message": "[{\"changed\": {\"fields\": [\"Button theme color\"]}}]"}}, {"model": "admin.logentry", "pk": 40, "fields": {"action_time": "2024-09-03T20:47:02.531Z", "user": 1, "content_type": 21, "object_id": "1", "object_repr": "Fashion Forward", "action_flag": 2, "change_message": "[]"}}, {"model": "admin.logentry", "pk": 41, "fields": {"action_time": "2024-09-04T00:12:00.740Z", "user": 1, "content_type": 21, "object_id": "1", "object_repr": "Fashion Forward", "action_flag": 2, "change_message": "[{\"changed\": {\"fields\": [\"Clip theme color\", \"Background theme color\"]}}]"}}, {"model": "admin.logentry", "pk": 42, "fields": {"action_time": "2024-09-04T00:13:01.341Z", "user": 1, "content_type": 21, "object_id": "1", "object_repr": "Fashion Forward", "action_flag": 2, "change_message": "[{\"changed\": {\"fields\": [\"Button theme color\"]}}]"}}, {"model": "admin.logentry", "pk": 43, "fields": {"action_time": "2024-09-04T00:25:07.065Z", "user": 1, "content_type": 21, "object_id": "1", "object_repr": "Fashion Forward", "action_flag": 2, "change_message": "[{\"changed\": {\"fields\": [\"Clip theme color\", \"Background theme color\"]}}]"}}, {"model": "admin.logentry", "pk": 44, "fields": {"action_time": "2024-09-04T15:52:48.892Z", "user": 1, "content_type": 21, "object_id": "2", "object_repr": "Exclusive Collection", "action_flag": 1, "change_message": "[{\"added\": {}}]"}}, {"model": "admin.logentry", "pk": 45, "fields": {"action_time": "2024-09-04T15:53:42.328Z", "user": 1, "content_type": 21, "object_id": "2", "object_repr": "Exclusive Collection", "action_flag": 2, "change_message": "[{\"changed\": {\"fields\": [\"Clip theme color\"]}}]"}}, {"model": "admin.logentry", "pk": 46, "fields": {"action_time": "2024-09-04T15:54:30.484Z", "user": 1, "content_type": 21, "object_id": "2", "object_repr": "Exclusive Collection", "action_flag": 2, "change_message": "[{\"changed\": {\"fields\": [\"Background theme color\"]}}]"}}, {"model": "admin.logentry", "pk": 47, "fields": {"action_time": "2024-09-04T15:55:48.205Z", "user": 1, "content_type": 21, "object_id": "2", "object_repr": "Exclusive Collection", "action_flag": 2, "change_message": "[{\"changed\": {\"fields\": [\"Caption\", \"Clip theme color\"]}}]"}}, {"model": "admin.logentry", "pk": 48, "fields": {"action_time": "2024-09-04T15:58:13.858Z", "user": 1, "content_type": 21, "object_id": "2", "object_repr": "Exclusive Collection", "action_flag": 2, "change_message": "[{\"changed\": {\"fields\": [\"Call to action text\", \"Clip theme color\"]}}]"}}, {"model": "admin.logentry", "pk": 49, "fields": {"action_time": "2024-09-04T15:59:21.760Z", "user": 1, "content_type": 21, "object_id": "2", "object_repr": "Exclusive Collection", "action_flag": 2, "change_message": "[{\"changed\": {\"fields\": [\"Background theme color\"]}}]"}}, {"model": "admin.logentry", "pk": 50, "fields": {"action_time": "2024-09-05T14:22:37.831Z", "user": 1, "content_type": 21, "object_id": "1", "object_repr": "Fashion Forward", "action_flag": 2, "change_message": "[]"}}, {"model": "admin.logentry", "pk": 51, "fields": {"action_time": "2024-09-05T14:35:46.252Z", "user": 1, "content_type": 21, "object_id": "2", "object_repr": "Exclusive Collection", "action_flag": 2, "change_message": "[{\"changed\": {\"fields\": [\"Products\", \"Categories\"]}}]"}}, {"model": "admin.logentry", "pk": 52, "fields": {"action_time": "2024-09-05T14:39:38.605Z", "user": 1, "content_type": 21, "object_id": "2", "object_repr": "Exclusive Collection", "action_flag": 2, "change_message": "[{\"changed\": {\"fields\": [\"Subcategories\"]}}]"}}, {"model": "admin.logentry", "pk": 53, "fields": {"action_time": "2024-09-05T14:47:55.695Z", "user": 1, "content_type": 21, "object_id": "3", "object_repr": "Back to School", "action_flag": 1, "change_message": "[{\"added\": {}}]"}}, {"model": "admin.logentry", "pk": 54, "fields": {"action_time": "2024-09-05T14:50:31.533Z", "user": 1, "content_type": 21, "object_id": "3", "object_repr": "Back to School", "action_flag": 2, "change_message": "[{\"changed\": {\"fields\": [\"Img\"]}}]"}}, {"model": "admin.logentry", "pk": 55, "fields": {"action_time": "2024-09-05T22:39:46.144Z", "user": 1, "content_type": 8, "object_id": "2", "object_repr": "Women's fashion", "action_flag": 1, "change_message": "[{\"added\": {}}]"}}, {"model": "admin.logentry", "pk": 56, "fields": {"action_time": "2024-09-05T22:48:13.963Z", "user": 1, "content_type": 8, "object_id": "2", "object_repr": "Women's fashion", "action_flag": 2, "change_message": "[{\"changed\": {\"fields\": [\"Image\"]}}]"}}, {"model": "admin.logentry", "pk": 57, "fields": {"action_time": "2024-09-05T22:57:42.523Z", "user": 1, "content_type": 8, "object_id": "2", "object_repr": "Women's fashion", "action_flag": 2, "change_message": "[{\"changed\": {\"fields\": [\"Image\"]}}]"}}, {"model": "admin.logentry", "pk": 58, "fields": {"action_time": "2024-09-06T20:57:34.472Z", "user": 1, "content_type": 21, "object_id": "1", "object_repr": "Fashion Forward", "action_flag": 2, "change_message": "[{\"changed\": {\"fields\": [\"Products\", \"Categories\"]}}]"}}, {"model": "admin.logentry", "pk": 59, "fields": {"action_time": "2024-09-06T21:30:50.968Z", "user": 1, "content_type": 7, "object_id": "3", "object_repr": "DREAM PAIRS", "action_flag": 1, "change_message": "[{\"added\": {}}]"}}, {"model": "admin.logentry", "pk": 60, "fields": {"action_time": "2024-09-06T21:31:55.747Z", "user": 1, "content_type": 17, "object_id": "3", "object_repr": "Women's shoe", "action_flag": 1, "change_message": "[{\"added\": {}}]"}}, {"model": "admin.logentry", "pk": 61, "fields": {"action_time": "2024-09-06T21:33:03.092Z", "user": 1, "content_type": 17, "object_id": "4", "object_repr": "Stilettos", "action_flag": 1, "change_message": "[{\"added\": {}}]"}}, {"model": "admin.logentry", "pk": 62, "fields": {"action_time": "2024-09-06T21:35:38.359Z", "user": 1, "content_type": 19, "object_id": "13", "object_repr": "Color: Red", "action_flag": 1, "change_message": "[{\"added\": {}}]"}}, {"model": "admin.logentry", "pk": 63, "fields": {"action_time": "2024-09-06T21:36:23.521Z", "user": 1, "content_type": 19, "object_id": "14", "object_repr": "Color: White", "action_flag": 1, "change_message": "[{\"added\": {}}]"}}, {"model": "admin.logentry", "pk": 64, "fields": {"action_time": "2024-09-06T21:37:25.780Z", "user": 1, "content_type": 19, "object_id": "15", "object_repr": "Color: Silver", "action_flag": 1, "change_message": "[{\"added\": {}}]"}}, {"model": "admin.logentry", "pk": 65, "fields": {"action_time": "2024-09-06T21:39:31.797Z", "user": 1, "content_type": 12, "object_id": "3", "object_repr": "DREAM PAIRS High Heels", "action_flag": 1, "change_message": "[{\"added\": {}}, {\"added\": {\"name\": \"variation\", \"object\": \"Color: Color: black, Color: Red, Color: White, Color: Silver for DREAM PAIRS High Heels\"}}]"}}, {"model": "admin.logentry", "pk": 66, "fields": {"action_time": "2024-09-06T21:45:34.408Z", "user": 1, "content_type": 12, "object_id": "3", "object_repr": "DREAM PAIRS High Heels", "action_flag": 2, "change_message": "[{\"changed\": {\"fields\": [\"Image\"]}}, {\"added\": {\"name\": \"thumbnail\", \"object\": \"Thumbnail for DREAM PAIRS High Heels\"}}, {\"added\": {\"name\": \"thumbnail\", \"object\": \"Thumbnail for DREAM PAIRS High Heels\"}}, {\"added\": {\"name\": \"thumbnail\", \"object\": \"Thumbnail for DREAM PAIRS High Heels\"}}, {\"added\": {\"name\": \"thumbnail\", \"object\": \"Thumbnail for DREAM PAIRS High Heels\"}}]"}}, {"model": "admin.logentry", "pk": 67, "fields": {"action_time": "2024-09-06T21:58:46.156Z", "user": 1, "content_type": 8, "object_id": "2", "object_repr": "Women's fashion", "action_flag": 2, "change_message": "[{\"changed\": {\"fields\": [\"Subcategories\"]}}]"}}, {"model": "admin.logentry", "pk": 68, "fields": {"action_time": "2024-09-06T22:27:33.123Z", "user": 1, "content_type": 14, "object_id": "1", "object_repr": "Sole material: OUTSOLE/GERMAN", "action_flag": 1, "change_message": "[{\"added\": {}}]"}}, {"model": "admin.logentry", "pk": 69, "fields": {"action_time": "2024-09-06T22:27:38.933Z", "user": 1, "content_type": 14, "object_id": "1", "object_repr": "Sole material: OUTSOLE/GERMAN", "action_flag": 2, "change_message": "[]"}}, {"model": "admin.logentry", "pk": 70, "fields": {"action_time": "2024-09-06T22:28:11.995Z", "user": 1, "content_type": 14, "object_id": "2", "object_repr": "Outer material: PU/CHUNKY GLITTER", "action_flag": 1, "change_message": "[{\"added\": {}}]"}}, {"model": "admin.logentry", "pk": 71, "fields": {"action_time": "2024-09-06T22:29:02.575Z", "user": 1, "content_type": 14, "object_id": "3", "object_repr": "Closure Type: Buckle", "action_flag": 1, "change_message": "[{\"added\": {}}]"}}, {"model": "admin.logentry", "pk": 72, "fields": {"action_time": "2024-09-06T22:29:32.499Z", "user": 1, "content_type": 14, "object_id": "4", "object_repr": "Water Resistance: Not Water Resistant", "action_flag": 1, "change_message": "[{\"added\": {}}]"}}, {"model": "admin.logentry", "pk": 73, "fields": {"action_time": "2024-09-06T22:35:41.728Z", "user": 1, "content_type": 12, "object_id": "3", "object_repr": "DREAM PAIRS High Heels", "action_flag": 2, "change_message": "[{\"changed\": {\"fields\": [\"Subcategories\"]}}]"}}, {"model": "admin.logentry", "pk": 74, "fields": {"action_time": "2024-09-06T22:48:23.339Z", "user": 1, "content_type": 8, "object_id": "3", "object_repr": "Groceries", "action_flag": 1, "change_message": "[{\"added\": {}}]"}}, {"model": "admin.logentry", "pk": 75, "fields": {"action_time": "2024-09-06T22:56:35.506Z", "user": 1, "content_type": 7, "object_id": "4", "object_repr": "Knorr", "action_flag": 1, "change_message": "[{\"added\": {}}]"}}, {"model": "admin.logentry", "pk": 76, "fields": {"action_time": "2024-09-06T22:58:00.589Z", "user": 1, "content_type": 17, "object_id": "5", "object_repr": "Cooking Ingredients", "action_flag": 1, "change_message": "[{\"added\": {}}]"}}, {"model": "admin.logentry", "pk": 77, "fields": {"action_time": "2024-09-06T22:58:48.633Z", "user": 1, "content_type": 12, "object_id": "4", "object_repr": "Knorr Chicken", "action_flag": 1, "change_message": "[{\"added\": {}}, {\"added\": {\"name\": \"thumbnail\", \"object\": \"Thumbnail for Knorr Chicken\"}}]"}}, {"model": "admin.logentry", "pk": 78, "fields": {"action_time": "2024-09-06T23:03:38.198Z", "user": 1, "content_type": 12, "object_id": "4", "object_repr": "Knorr Chicken", "action_flag": 2, "change_message": "[]"}}, {"model": "admin.logentry", "pk": 79, "fields": {"action_time": "2024-09-06T23:06:06.678Z", "user": 1, "content_type": 7, "object_id": "5", "object_repr": "Bacardi", "action_flag": 1, "change_message": "[{\"added\": {}}]"}}, {"model": "admin.logentry", "pk": 80, "fields": {"action_time": "2024-09-06T23:07:10.623Z", "user": 1, "content_type": 17, "object_id": "6", "object_repr": "Beer, Wine  and Spirit", "action_flag": 1, "change_message": "[{\"added\": {}}]"}}, {"model": "admin.logentry", "pk": 81, "fields": {"action_time": "2024-09-06T23:09:41.148Z", "user": 1, "content_type": 9, "object_id": "1", "object_repr": "Flash Sales", "action_flag": 1, "change_message": "[{\"added\": {}}]"}}, {"model": "admin.logentry", "pk": 82, "fields": {"action_time": "2024-09-06T23:10:13.648Z", "user": 1, "content_type": 12, "object_id": "5", "object_repr": "Bacardi 8 Years Rum 70cl", "action_flag": 1, "change_message": "[{\"added\": {}}, {\"added\": {\"name\": \"thumbnail\", \"object\": \"Thumbnail for Bacardi 8 Years Rum 70cl\"}}, {\"added\": {\"name\": \"thumbnail\", \"object\": \"Thumbnail for Bacardi 8 Years Rum 70cl\"}}, {\"added\": {\"name\": \"thumbnail\", \"object\": \"Thumbnail for Bacardi 8 Years Rum 70cl\"}}]"}}, {"model": "admin.logentry", "pk": 83, "fields": {"action_time": "2024-09-06T23:11:51.707Z", "user": 1, "content_type": 12, "object_id": "5", "object_repr": "Bacardi 8 Years Rum 70cl", "action_flag": 2, "change_message": "[{\"changed\": {\"fields\": [\"Special offers\"]}}]"}}, {"model": "admin.logentry", "pk": 84, "fields": {"action_time": "2024-09-07T08:53:23.161Z", "user": 1, "content_type": 8, "object_id": "3", "object_repr": "Groceries", "action_flag": 2, "change_message": "[{\"changed\": {\"fields\": [\"Subcategories\"]}}]"}}, {"model": "admin.logentry", "pk": 85, "fields": {"action_time": "2024-09-07T09:06:48.448Z", "user": 1, "content_type": 8, "object_id": "3", "object_repr": "Groceries", "action_flag": 2, "change_message": "[{\"changed\": {\"fields\": [\"Image\"]}}]"}}, {"model": "admin.logentry", "pk": 86, "fields": {"action_time": "2024-09-07T09:10:35.392Z", "user": 1, "content_type": 8, "object_id": "3", "object_repr": "Groceries", "action_flag": 2, "change_message": "[{\"changed\": {\"fields\": [\"Image\"]}}]"}}, {"model": "admin.logentry", "pk": 87, "fields": {"action_time": "2024-09-07T09:18:20.646Z", "user": 1, "content_type": 8, "object_id": "3", "object_repr": "Groceries", "action_flag": 2, "change_message": "[{\"changed\": {\"fields\": [\"Image\"]}}]"}}, {"model": "admin.logentry", "pk": 88, "fields": {"action_time": "2024-09-07T09:20:04.878Z", "user": 1, "content_type": 8, "object_id": "3", "object_repr": "Groceries", "action_flag": 2, "change_message": "[{\"changed\": {\"fields\": [\"Image\"]}}]"}}, {"model": "admin.logentry", "pk": 89, "fields": {"action_time": "2024-09-07T09:39:28.398Z", "user": 1, "content_type": 8, "object_id": "4", "object_repr": "Clothing", "action_flag": 1, "change_message": "[{\"added\": {}}]"}}, {"model": "admin.logentry", "pk": 90, "fields": {"action_time": "2024-09-07T09:41:59.948Z", "user": 1, "content_type": 17, "object_id": "7", "object_repr": "Tops and Tees", "action_flag": 1, "change_message": "[{\"added\": {}}]"}}, {"model": "admin.logentry", "pk": 91, "fields": {"action_time": "2024-09-07T09:44:26.425Z", "user": 1, "content_type": 19, "object_id": "16", "object_repr": "Color: #967969", "action_flag": 1, "change_message": "[{\"added\": {}}]"}}, {"model": "admin.logentry", "pk": 92, "fields": {"action_time": "2024-09-07T09:46:44.905Z", "user": 1, "content_type": 19, "object_id": "17", "object_repr": "Color: #FF66CC", "action_flag": 1, "change_message": "[{\"added\": {}}]"}}, {"model": "admin.logentry", "pk": 93, "fields": {"action_time": "2024-09-07T09:49:05.043Z", "user": 1, "content_type": 19, "object_id": "18", "object_repr": "Color: #6F4E37", "action_flag": 1, "change_message": "[{\"added\": {}}]"}}, {"model": "admin.logentry", "pk": 94, "fields": {"action_time": "2024-09-07T09:50:14.823Z", "user": 1, "content_type": 19, "object_id": "19", "object_repr": "Color: #013220", "action_flag": 1, "change_message": "[{\"added\": {}}]"}}, {"model": "admin.logentry", "pk": 95, "fields": {"action_time": "2024-09-07T09:52:26.308Z", "user": 1, "content_type": 19, "object_id": "20", "object_repr": "Size: Xsmall", "action_flag": 1, "change_message": "[{\"added\": {}}]"}}, {"model": "admin.logentry", "pk": 96, "fields": {"action_time": "2024-09-07T09:52:47.810Z", "user": 1, "content_type": 19, "object_id": "21", "object_repr": "Size: Small", "action_flag": 1, "change_message": "[{\"added\": {}}]"}}, {"model": "admin.logentry", "pk": 97, "fields": {"action_time": "2024-09-07T09:53:01.457Z", "user": 1, "content_type": 19, "object_id": "22", "object_repr": "Size: Medium", "action_flag": 1, "change_message": "[{\"added\": {}}]"}}, {"model": "admin.logentry", "pk": 98, "fields": {"action_time": "2024-09-07T09:53:15.510Z", "user": 1, "content_type": 19, "object_id": "23", "object_repr": "Size: Large", "action_flag": 1, "change_message": "[{\"added\": {}}]"}}, {"model": "admin.logentry", "pk": 99, "fields": {"action_time": "2024-09-07T09:53:33.067Z", "user": 1, "content_type": 19, "object_id": "24", "object_repr": "Size: XLarge", "action_flag": 1, "change_message": "[{\"added\": {}}]"}}, {"model": "admin.logentry", "pk": 100, "fields": {"action_time": "2024-09-07T09:53:51.537Z", "user": 1, "content_type": 19, "object_id": "25", "object_repr": "Size: XXLarge", "action_flag": 1, "change_message": "[{\"added\": {}}]"}}, {"model": "admin.logentry", "pk": 101, "fields": {"action_time": "2024-09-07T09:53:56.040Z", "user": 1, "content_type": 12, "object_id": "6", "object_repr": "MANGOPOP Henley Bodysuit", "action_flag": 1, "change_message": "[{\"added\": {}}, {\"added\": {\"name\": \"thumbnail\", \"object\": \"Thumbnail for MANGOPOP Henley Bodysuit\"}}, {\"added\": {\"name\": \"thumbnail\", \"object\": \"Thumbnail for MANGOPOP Henley Bodysuit\"}}, {\"added\": {\"name\": \"thumbnail\", \"object\": \"Thumbnail for MANGOPOP Henley Bodysuit\"}}, {\"added\": {\"name\": \"thumbnail\", \"object\": \"Thumbnail for MANGOPOP Henley Bodysuit\"}}, {\"added\": {\"name\": \"variation\", \"object\": \"Color: Color: black, Color: Red, Color: White, Color: Silver, Color: #967969, Color: #FF66CC, Color: #6F4E37, Color: #013220 for MANGOPOP Henley Bodysuit\"}}, {\"added\": {\"name\": \"variation\", \"object\": \"Size: Size: Xsmall, Size: Small, Size: Medium, Size: Large, Size: XLarge, Size: XXLarge for MANGOPOP Henley Bodysuit\"}}]"}}, {"model": "admin.logentry", "pk": 102, "fields": {"action_time": "2024-09-07T10:17:59.741Z", "user": 1, "content_type": 8, "object_id": "4", "object_repr": "Clothing", "action_flag": 2, "change_message": "[{\"changed\": {\"fields\": [\"IsMajorCategory\"]}}]"}}, {"model": "admin.logentry", "pk": 103, "fields": {"action_time": "2024-09-07T10:18:10.839Z", "user": 1, "content_type": 8, "object_id": "4", "object_repr": "Clothing", "action_flag": 2, "change_message": "[{\"changed\": {\"fields\": [\"IsMajorCategory\"]}}]"}}, {"model": "admin.logentry", "pk": 104, "fields": {"action_time": "2024-09-07T10:19:00.240Z", "user": 1, "content_type": 8, "object_id": "3", "object_repr": "Groceries", "action_flag": 2, "change_message": "[{\"changed\": {\"fields\": [\"IsMajorCategory\"]}}]"}}, {"model": "admin.logentry", "pk": 105, "fields": {"action_time": "2024-09-07T10:19:30.926Z", "user": 1, "content_type": 8, "object_id": "2", "object_repr": "Women's fashion", "action_flag": 2, "change_message": "[{\"changed\": {\"fields\": [\"IsMajorCategory\"]}}]"}}, {"model": "admin.logentry", "pk": 106, "fields": {"action_time": "2024-09-07T10:20:10.011Z", "user": 1, "content_type": 8, "object_id": "2", "object_repr": "Women's fashion", "action_flag": 2, "change_message": "[{\"changed\": {\"fields\": [\"IsMajorCategory\"]}}]"}}, {"model": "admin.logentry", "pk": 107, "fields": {"action_time": "2024-09-07T10:20:34.412Z", "user": 1, "content_type": 8, "object_id": "1", "object_repr": "Electronics", "action_flag": 2, "change_message": "[{\"changed\": {\"fields\": [\"IsMajorCategory\"]}}]"}}, {"model": "admin.logentry", "pk": 108, "fields": {"action_time": "2024-09-07T10:20:52.424Z", "user": 1, "content_type": 8, "object_id": "2", "object_repr": "Women's fashion", "action_flag": 2, "change_message": "[{\"changed\": {\"fields\": [\"IsMajorCategory\"]}}]"}}, {"model": "admin.logentry", "pk": 109, "fields": {"action_time": "2024-09-07T11:58:43.839Z", "user": 1, "content_type": 4, "object_id": "2", "object_repr": "oguntoyeadebola21@gmail.com", "action_flag": 1, "change_message": "[{\"added\": {}}]"}}, {"model": "admin.logentry", "pk": 110, "fields": {"action_time": "2024-09-07T11:59:15.217Z", "user": 1, "content_type": 4, "object_id": "2", "object_repr": "oguntoyeadebola21@gmail.com", "action_flag": 2, "change_message": "[{\"changed\": {\"fields\": [\"First name\", \"Last name\", \"Email address\", \"Staff status\"]}}]"}}, {"model": "admin.logentry", "pk": 111, "fields": {"action_time": "2024-09-07T12:58:02.246Z", "user": 1, "content_type": 17, "object_id": "3", "object_repr": "Women's shoe", "action_flag": 3, "change_message": ""}}, {"model": "admin.logentry", "pk": 112, "fields": {"action_time": "2024-09-07T15:37:18.196Z", "user": 1, "content_type": 8, "object_id": "5", "object_repr": "Shoes", "action_flag": 1, "change_message": "[{\"added\": {}}]"}}, {"model": "admin.logentry", "pk": 113, "fields": {"action_time": "2024-09-07T15:38:26.483Z", "user": 1, "content_type": 17, "object_id": "8", "object_repr": "Sneaker", "action_flag": 1, "change_message": "[{\"added\": {}}]"}}, {"model": "admin.logentry", "pk": 114, "fields": {"action_time": "2024-09-07T18:22:39.816Z", "user": 1, "content_type": 8, "object_id": "2", "object_repr": "Women's fashion", "action_flag": 2, "change_message": "[{\"changed\": {\"fields\": [\"IsMajorCategory\"]}}]"}}, {"model": "admin.logentry", "pk": 115, "fields": {"action_time": "2024-09-07T18:23:04.047Z", "user": 1, "content_type": 8, "object_id": "3", "object_repr": "Groceries", "action_flag": 2, "change_message": "[{\"changed\": {\"fields\": [\"IsMajorCategory\"]}}]"}}, {"model": "admin.logentry", "pk": 116, "fields": {"action_time": "2024-09-07T18:23:30.010Z", "user": 1, "content_type": 8, "object_id": "1", "object_repr": "Electronics", "action_flag": 2, "change_message": "[{\"changed\": {\"fields\": [\"IsMajorCategory\"]}}]"}}, {"model": "admin.logentry", "pk": 117, "fields": {"action_time": "2024-09-07T18:34:45.136Z", "user": 1, "content_type": 8, "object_id": "5", "object_repr": "Women's Shoes", "action_flag": 2, "change_message": "[{\"changed\": {\"fields\": [\"Name\", \"Gender\"]}}]"}}, {"model": "admin.logentry", "pk": 118, "fields": {"action_time": "2024-09-07T18:35:08.780Z", "user": 1, "content_type": 8, "object_id": "6", "object_repr": "Shoes", "action_flag": 1, "change_message": "[{\"added\": {}}]"}}, {"model": "admin.logentry", "pk": 119, "fields": {"action_time": "2024-09-07T18:35:13.205Z", "user": 1, "content_type": 8, "object_id": "5", "object_repr": "Women's Shoes", "action_flag": 2, "change_message": "[{\"changed\": {\"fields\": [\"Parent\"]}}]"}}, {"model": "admin.logentry", "pk": 120, "fields": {"action_time": "2024-09-07T18:35:53.319Z", "user": 1, "content_type": 8, "object_id": "7", "object_repr": "Men' Shoes", "action_flag": 1, "change_message": "[{\"added\": {}}]"}}, {"model": "admin.logentry", "pk": 121, "fields": {"action_time": "2024-09-07T18:41:11.109Z", "user": 1, "content_type": 12, "object_id": "7", "object_repr": "Men's Trendy Casual Sneakers", "action_flag": 1, "change_message": "[{\"added\": {}}, {\"added\": {\"name\": \"thumbnail\", \"object\": \"Thumbnail for Men's Trendy Casual Sneakers\"}}, {\"added\": {\"name\": \"thumbnail\", \"object\": \"Thumbnail for Men's Trendy Casual Sneakers\"}}, {\"added\": {\"name\": \"thumbnail\", \"object\": \"Thumbnail for Men's Trendy Casual Sneakers\"}}]"}}, {"model": "admin.logentry", "pk": 122, "fields": {"action_time": "2024-09-07T18:42:43.882Z", "user": 1, "content_type": 8, "object_id": "8", "object_repr": "Men' Fashion", "action_flag": 1, "change_message": "[{\"added\": {}}]"}}, {"model": "admin.logentry", "pk": 123, "fields": {"action_time": "2024-09-07T18:43:38.604Z", "user": 1, "content_type": 21, "object_id": "2", "object_repr": "Exclusive Collection", "action_flag": 2, "change_message": "[{\"changed\": {\"fields\": [\"Categories\"]}}]"}}, {"model": "admin.logentry", "pk": 124, "fields": {"action_time": "2024-09-07T18:44:18.647Z", "user": 1, "content_type": 8, "object_id": "7", "object_repr": "Men' Shoes", "action_flag": 2, "change_message": "[{\"changed\": {\"fields\": [\"Parent\"]}}]"}}, {"model": "admin.logentry", "pk": 125, "fields": {"action_time": "2024-09-07T18:45:12.757Z", "user": 1, "content_type": 21, "object_id": "2", "object_repr": "Exclusive Collection", "action_flag": 2, "change_message": "[{\"changed\": {\"fields\": [\"Subcategories\"]}}]"}}, {"model": "admin.logentry", "pk": 126, "fields": {"action_time": "2024-09-07T19:05:53.740Z", "user": 1, "content_type": 12, "object_id": "7", "object_repr": "Men's Trendy Casual Sneakers", "action_flag": 2, "change_message": "[{\"changed\": {\"fields\": [\"Categories\"]}}]"}}, {"model": "admin.logentry", "pk": 127, "fields": {"action_time": "2024-09-07T19:12:41.098Z", "user": 1, "content_type": 8, "object_id": "8", "object_repr": "Men' Fashion", "action_flag": 2, "change_message": "[{\"changed\": {\"fields\": [\"Image\"]}}]"}}, {"model": "admin.logentry", "pk": 128, "fields": {"action_time": "2024-09-07T19:15:23.503Z", "user": 1, "content_type": 8, "object_id": "4", "object_repr": "Clothing", "action_flag": 2, "change_message": "[{\"changed\": {\"fields\": [\"Parent\"]}}]"}}, {"model": "admin.logentry", "pk": 129, "fields": {"action_time": "2024-09-07T19:19:58.081Z", "user": 1, "content_type": 12, "object_id": "3", "object_repr": "DREAM PAIRS High Heels", "action_flag": 2, "change_message": "[{\"changed\": {\"fields\": [\"Subcategories\"]}}]"}}, {"model": "admin.logentry", "pk": 130, "fields": {"action_time": "2024-09-07T20:19:54.415Z", "user": 1, "content_type": 12, "object_id": "6", "object_repr": "MANGOPOP Henley Bodysuit", "action_flag": 2, "change_message": "[{\"changed\": {\"fields\": [\"Subcategories\"]}}]"}}, {"model": "admin.logentry", "pk": 131, "fields": {"action_time": "2024-09-07T20:21:10.809Z", "user": 1, "content_type": 8, "object_id": "4", "object_repr": "Clothing", "action_flag": 2, "change_message": "[{\"changed\": {\"fields\": [\"Subcategories\"]}}]"}}, {"model": "admin.logentry", "pk": 132, "fields": {"action_time": "2024-09-07T20:24:30.597Z", "user": 1, "content_type": 8, "object_id": "2", "object_repr": "Women's fashion", "action_flag": 2, "change_message": "[{\"changed\": {\"fields\": [\"Subcategories\"]}}]"}}, {"model": "admin.logentry", "pk": 133, "fields": {"action_time": "2024-09-09T11:46:26.730Z", "user": 1, "content_type": 17, "object_id": "9", "object_repr": "Sneakers", "action_flag": 1, "change_message": "[{\"added\": {}}]"}}, {"model": "admin.logentry", "pk": 134, "fields": {"action_time": "2024-09-09T11:46:33.290Z", "user": 1, "content_type": 8, "object_id": "7", "object_repr": "Men' Shoes", "action_flag": 2, "change_message": "[{\"changed\": {\"fields\": [\"Subcategories\"]}}]"}}, {"model": "admin.logentry", "pk": 135, "fields": {"action_time": "2024-09-09T11:47:16.893Z", "user": 1, "content_type": 12, "object_id": "7", "object_repr": "Men's Trendy Casual Sneakers", "action_flag": 2, "change_message": "[]"}}, {"model": "admin.logentry", "pk": 136, "fields": {"action_time": "2024-09-09T12:54:41.361Z", "user": 1, "content_type": 17, "object_id": "8", "object_repr": "Sneaker", "action_flag": 2, "change_message": "[{\"changed\": {\"fields\": [\"Categories\"]}}]"}}, {"model": "admin.logentry", "pk": 137, "fields": {"action_time": "2024-09-09T12:56:10.766Z", "user": 1, "content_type": 17, "object_id": "8", "object_repr": "Sneaker", "action_flag": 2, "change_message": "[]"}}, {"model": "admin.logentry", "pk": 138, "fields": {"action_time": "2024-09-09T12:57:30.641Z", "user": 1, "content_type": 17, "object_id": "9", "object_repr": "Sneakers", "action_flag": 3, "change_message": ""}}, {"model": "admin.logentry", "pk": 139, "fields": {"action_time": "2024-09-09T12:58:38.368Z", "user": 1, "content_type": 17, "object_id": "8", "object_repr": "Sneaker", "action_flag": 2, "change_message": "[]"}}, {"model": "admin.logentry", "pk": 140, "fields": {"action_time": "2024-09-09T13:00:24.688Z", "user": 1, "content_type": 12, "object_id": "6", "object_repr": "MANGOPOP Henley Bodysuit", "action_flag": 2, "change_message": "[{\"changed\": {\"fields\": [\"Subcategories\"]}}]"}}, {"model": "admin.logentry", "pk": 141, "fields": {"action_time": "2024-09-09T13:39:32.960Z", "user": 1, "content_type": 8, "object_id": "7", "object_repr": "Men' Shoes", "action_flag": 2, "change_message": "[{\"changed\": {\"fields\": [\"Subcategories\"]}}]"}}, {"model": "admin.logentry", "pk": 142, "fields": {"action_time": "2024-09-09T13:39:46.719Z", "user": 1, "content_type": 8, "object_id": "7", "object_repr": "Men' Shoes", "action_flag": 2, "change_message": "[{\"changed\": {\"fields\": [\"Subcategories\"]}}]"}}, {"model": "admin.logentry", "pk": 143, "fields": {"action_time": "2024-09-09T13:41:53.360Z", "user": 1, "content_type": 8, "object_id": "5", "object_repr": "Women's Shoes", "action_flag": 2, "change_message": "[{\"changed\": {\"fields\": [\"Parent\"]}}]"}}, {"model": "admin.logentry", "pk": 144, "fields": {"action_time": "2024-09-09T13:42:59.869Z", "user": 1, "content_type": 8, "object_id": "5", "object_repr": "Women's Shoes", "action_flag": 2, "change_message": "[{\"changed\": {\"fields\": [\"Parent\"]}}]"}}, {"model": "admin.logentry", "pk": 145, "fields": {"action_time": "2024-09-09T13:56:26.095Z", "user": 1, "content_type": 12, "object_id": "3", "object_repr": "DREAM PAIRS High Heels", "action_flag": 2, "change_message": "[{\"changed\": {\"fields\": [\"Categories\"]}}]"}}, {"model": "admin.logentry", "pk": 146, "fields": {"action_time": "2024-09-09T14:19:35.251Z", "user": 1, "content_type": 12, "object_id": "3", "object_repr": "DREAM PAIRS High Heels", "action_flag": 2, "change_message": "[{\"changed\": {\"fields\": [\"Subcategories\"]}}]"}}, {"model": "admin.logentry", "pk": 147, "fields": {"action_time": "2024-09-09T18:32:04.038Z", "user": 1, "content_type": 17, "object_id": "7", "object_repr": "Tops and Tees", "action_flag": 2, "change_message": "[{\"changed\": {\"fields\": [\"Image\"]}}]"}}, {"model": "admin.logentry", "pk": 148, "fields": {"action_time": "2024-09-09T18:44:08.683Z", "user": 1, "content_type": 17, "object_id": "7", "object_repr": "Tops and Tees", "action_flag": 2, "change_message": "[{\"changed\": {\"fields\": [\"Image\"]}}]"}}, {"model": "admin.logentry", "pk": 149, "fields": {"action_time": "2024-09-10T10:54:10.977Z", "user": 1, "content_type": 9, "object_id": "2", "object_repr": "Clearance", "action_flag": 1, "change_message": "[{\"added\": {}}]"}}, {"model": "admin.logentry", "pk": 150, "fields": {"action_time": "2024-09-10T10:55:05.598Z", "user": 1, "content_type": 12, "object_id": "1", "object_repr": "Kids Headphones", "action_flag": 2, "change_message": "[{\"changed\": {\"fields\": [\"Special offers\"]}}]"}}, {"model": "admin.logentry", "pk": 151, "fields": {"action_time": "2024-09-10T11:30:06.620Z", "user": 1, "content_type": 12, "object_id": "1", "object_repr": "Kids Headphones", "action_flag": 2, "change_message": "[{\"changed\": {\"fields\": [\"Special offers\"]}}]"}}, {"model": "admin.logentry", "pk": 152, "fields": {"action_time": "2024-09-10T11:35:54.758Z", "user": 1, "content_type": 9, "object_id": "1", "object_repr": "Flash Sales", "action_flag": 3, "change_message": ""}}, {"model": "admin.logentry", "pk": 153, "fields": {"action_time": "2024-09-10T11:37:20.921Z", "user": 1, "content_type": 12, "object_id": "3", "object_repr": "DREAM PAIRS High Heels", "action_flag": 2, "change_message": "[{\"changed\": {\"fields\": [\"Special offers\"]}}]"}}, {"model": "admin.logentry", "pk": 154, "fields": {"action_time": "2024-09-10T19:18:21.018Z", "user": 1, "content_type": 9, "object_id": "3", "object_repr": "Under 20 dollar", "action_flag": 1, "change_message": "[{\"added\": {}}]"}}, {"model": "admin.logentry", "pk": 155, "fields": {"action_time": "2024-09-10T19:19:25.058Z", "user": 1, "content_type": 12, "object_id": "6", "object_repr": "MANGOPOP Henley Bodysuit", "action_flag": 2, "change_message": "[{\"changed\": {\"fields\": [\"Special offers\"]}}]"}}, {"model": "admin.logentry", "pk": 156, "fields": {"action_time": "2024-09-10T19:20:05.721Z", "user": 1, "content_type": 12, "object_id": "6", "object_repr": "MANGOPOP Henley Bodysuit", "action_flag": 2, "change_message": "[{\"changed\": {\"fields\": [\"Special offers\"]}}]"}}, {"model": "admin.logentry", "pk": 157, "fields": {"action_time": "2024-09-11T10:46:20.916Z", "user": 1, "content_type": 11, "object_id": "3", "object_repr": "2024-09-11 10:44:58.028544+00:00", "action_flag": 3, "change_message": ""}}, {"model": "admin.logentry", "pk": 158, "fields": {"action_time": "2024-09-11T10:46:20.931Z", "user": 1, "content_type": 11, "object_id": "2", "object_repr": "2024-09-11 09:50:40.040205+00:00", "action_flag": 3, "change_message": ""}}, {"model": "admin.logentry", "pk": 159, "fields": {"action_time": "2024-09-11T10:46:20.941Z", "user": 1, "content_type": 11, "object_id": "1", "object_repr": "2024-09-07 16:03:04.116427+00:00", "action_flag": 3, "change_message": ""}}, {"model": "admin.logentry", "pk": 160, "fields": {"action_time": "2024-09-11T22:50:36.849Z", "user": 1, "content_type": 8, "object_id": "8", "object_repr": "Men' Fashion", "action_flag": 2, "change_message": "[{\"changed\": {\"fields\": [\"Svg\"]}}]"}}, {"model": "admin.logentry", "pk": 161, "fields": {"action_time": "2024-09-11T22:57:03.793Z", "user": 1, "content_type": 8, "object_id": "8", "object_repr": "Men' Fashion", "action_flag": 2, "change_message": "[{\"changed\": {\"fields\": [\"Svg\"]}}]"}}, {"model": "admin.logentry", "pk": 162, "fields": {"action_time": "2024-09-11T22:57:49.773Z", "user": 1, "content_type": 8, "object_id": "8", "object_repr": "Men' Fashion", "action_flag": 2, "change_message": "[{\"changed\": {\"fields\": [\"Svg\"]}}]"}}, {"model": "admin.logentry", "pk": 163, "fields": {"action_time": "2024-09-11T22:59:04.903Z", "user": 1, "content_type": 8, "object_id": "8", "object_repr": "Men' Fashion", "action_flag": 2, "change_message": "[{\"changed\": {\"fields\": [\"Svg\"]}}]"}}, {"model": "admin.logentry", "pk": 164, "fields": {"action_time": "2024-09-11T23:04:49.582Z", "user": 1, "content_type": 8, "object_id": "8", "object_repr": "Men' Fashion", "action_flag": 2, "change_message": "[{\"changed\": {\"fields\": [\"Svg\"]}}]"}}, {"model": "admin.logentry", "pk": 165, "fields": {"action_time": "2024-09-11T23:06:11.672Z", "user": 1, "content_type": 8, "object_id": "8", "object_repr": "Men' Fashion", "action_flag": 2, "change_message": "[{\"changed\": {\"fields\": [\"Svg\"]}}]"}}, {"model": "admin.logentry", "pk": 166, "fields": {"action_time": "2024-09-11T23:07:16.275Z", "user": 1, "content_type": 8, "object_id": "8", "object_repr": "Men' Fashion", "action_flag": 2, "change_message": "[{\"changed\": {\"fields\": [\"Svg\"]}}]"}}, {"model": "admin.logentry", "pk": 167, "fields": {"action_time": "2024-09-11T23:08:52.728Z", "user": 1, "content_type": 8, "object_id": "8", "object_repr": "Men' Fashion", "action_flag": 2, "change_message": "[{\"changed\": {\"fields\": [\"Svg\"]}}]"}}, {"model": "admin.logentry", "pk": 168, "fields": {"action_time": "2024-09-12T07:51:44.615Z", "user": 1, "content_type": 8, "object_id": "3", "object_repr": "Groceries", "action_flag": 2, "change_message": "[{\"changed\": {\"fields\": [\"Svg\"]}}]"}}, {"model": "admin.logentry", "pk": 169, "fields": {"action_time": "2024-09-12T07:52:18.649Z", "user": 1, "content_type": 8, "object_id": "3", "object_repr": "Groceries", "action_flag": 2, "change_message": "[{\"changed\": {\"fields\": [\"Svg\"]}}]"}}, {"model": "admin.logentry", "pk": 170, "fields": {"action_time": "2024-09-12T07:55:00.886Z", "user": 1, "content_type": 8, "object_id": "1", "object_repr": "Electronics", "action_flag": 2, "change_message": "[{\"changed\": {\"fields\": [\"Svg\"]}}]"}}, {"model": "admin.logentry", "pk": 171, "fields": {"action_time": "2024-09-12T07:57:28.114Z", "user": 1, "content_type": 8, "object_id": "1", "object_repr": "Electronics", "action_flag": 2, "change_message": "[{\"changed\": {\"fields\": [\"Svg\"]}}]"}}, {"model": "admin.logentry", "pk": 172, "fields": {"action_time": "2024-09-12T07:58:58.984Z", "user": 1, "content_type": 8, "object_id": "1", "object_repr": "Electronics", "action_flag": 2, "change_message": "[{\"changed\": {\"fields\": [\"Svg\"]}}]"}}, {"model": "admin.logentry", "pk": 173, "fields": {"action_time": "2024-09-12T07:59:38.721Z", "user": 1, "content_type": 8, "object_id": "1", "object_repr": "Electronics", "action_flag": 2, "change_message": "[{\"changed\": {\"fields\": [\"Svg\"]}}]"}}, {"model": "admin.logentry", "pk": 174, "fields": {"action_time": "2024-09-12T08:01:25.318Z", "user": 1, "content_type": 8, "object_id": "3", "object_repr": "Groceries", "action_flag": 2, "change_message": "[{\"changed\": {\"fields\": [\"Svg\"]}}]"}}, {"model": "admin.logentry", "pk": 175, "fields": {"action_time": "2024-09-12T08:03:27.851Z", "user": 1, "content_type": 8, "object_id": "5", "object_repr": "Women's Shoes", "action_flag": 2, "change_message": "[{\"changed\": {\"fields\": [\"Svg\"]}}]"}}, {"model": "admin.logentry", "pk": 176, "fields": {"action_time": "2024-09-12T08:04:02.997Z", "user": 1, "content_type": 8, "object_id": "5", "object_repr": "Women's Shoes", "action_flag": 2, "change_message": "[{\"changed\": {\"fields\": [\"Svg\"]}}]"}}, {"model": "admin.logentry", "pk": 177, "fields": {"action_time": "2024-09-12T08:06:10.528Z", "user": 1, "content_type": 8, "object_id": "2", "object_repr": "Women's fashion", "action_flag": 2, "change_message": "[{\"changed\": {\"fields\": [\"Svg\"]}}]"}}, {"model": "admin.logentry", "pk": 178, "fields": {"action_time": "2024-09-12T08:07:37.674Z", "user": 1, "content_type": 8, "object_id": "2", "object_repr": "Women's fashion", "action_flag": 2, "change_message": "[{\"changed\": {\"fields\": [\"Svg\"]}}]"}}, {"model": "admin.logentry", "pk": 179, "fields": {"action_time": "2024-09-12T08:09:08.991Z", "user": 1, "content_type": 8, "object_id": "2", "object_repr": "Women's fashion", "action_flag": 2, "change_message": "[{\"changed\": {\"fields\": [\"Svg\"]}}]"}}, {"model": "admin.logentry", "pk": 180, "fields": {"action_time": "2024-09-12T08:18:02.121Z", "user": 1, "content_type": 8, "object_id": "2", "object_repr": "Women's fashion", "action_flag": 2, "change_message": "[{\"changed\": {\"fields\": [\"Svg\"]}}]"}}, {"model": "admin.logentry", "pk": 181, "fields": {"action_time": "2024-09-12T08:19:03.972Z", "user": 1, "content_type": 8, "object_id": "2", "object_repr": "Women's fashion", "action_flag": 2, "change_message": "[{\"changed\": {\"fields\": [\"Svg\"]}}]"}}, {"model": "admin.logentry", "pk": 182, "fields": {"action_time": "2024-09-12T08:23:46.158Z", "user": 1, "content_type": 8, "object_id": "2", "object_repr": "Women's fashion", "action_flag": 2, "change_message": "[{\"changed\": {\"fields\": [\"Svg\"]}}]"}}, {"model": "admin.logentry", "pk": 183, "fields": {"action_time": "2024-09-12T08:24:21.302Z", "user": 1, "content_type": 8, "object_id": "2", "object_repr": "Women's fashion", "action_flag": 2, "change_message": "[{\"changed\": {\"fields\": [\"Svg\"]}}]"}}, {"model": "admin.logentry", "pk": 184, "fields": {"action_time": "2024-09-12T08:25:07.457Z", "user": 1, "content_type": 8, "object_id": "2", "object_repr": "Women's fashion", "action_flag": 2, "change_message": "[{\"changed\": {\"fields\": [\"Svg\"]}}]"}}, {"model": "admin.logentry", "pk": 185, "fields": {"action_time": "2024-09-12T08:25:48.262Z", "user": 1, "content_type": 8, "object_id": "2", "object_repr": "Women's fashion", "action_flag": 2, "change_message": "[{\"changed\": {\"fields\": [\"Svg\"]}}]"}}, {"model": "admin.logentry", "pk": 186, "fields": {"action_time": "2024-09-12T08:26:26.639Z", "user": 1, "content_type": 8, "object_id": "2", "object_repr": "Women's fashion", "action_flag": 2, "change_message": "[{\"changed\": {\"fields\": [\"Svg\"]}}]"}}, {"model": "admin.logentry", "pk": 187, "fields": {"action_time": "2024-09-12T09:20:31.263Z", "user": 1, "content_type": 8, "object_id": "8", "object_repr": "Men' Fashion", "action_flag": 2, "change_message": "[{\"changed\": {\"fields\": [\"Svg\"]}}]"}}, {"model": "admin.logentry", "pk": 188, "fields": {"action_time": "2024-09-12T09:22:05.994Z", "user": 1, "content_type": 8, "object_id": "8", "object_repr": "Men' Fashion", "action_flag": 2, "change_message": "[{\"changed\": {\"fields\": [\"Svg\"]}}]"}}, {"model": "admin.logentry", "pk": 189, "fields": {"action_time": "2024-09-12T09:36:08.896Z", "user": 1, "content_type": 8, "object_id": "1", "object_repr": "Electronics", "action_flag": 2, "change_message": "[{\"changed\": {\"fields\": [\"Svg\"]}}]"}}, {"model": "admin.logentry", "pk": 190, "fields": {"action_time": "2024-09-12T09:37:20.619Z", "user": 1, "content_type": 8, "object_id": "1", "object_repr": "Electronics", "action_flag": 2, "change_message": "[{\"changed\": {\"fields\": [\"Svg\"]}}]"}}, {"model": "admin.logentry", "pk": 191, "fields": {"action_time": "2024-09-12T09:43:00.198Z", "user": 1, "content_type": 8, "object_id": "2", "object_repr": "Women's fashion", "action_flag": 2, "change_message": "[{\"changed\": {\"fields\": [\"Svg\"]}}]"}}, {"model": "admin.logentry", "pk": 192, "fields": {"action_time": "2024-09-12T09:45:12.744Z", "user": 1, "content_type": 8, "object_id": "2", "object_repr": "Women's fashion", "action_flag": 2, "change_message": "[{\"changed\": {\"fields\": [\"Svg\"]}}]"}}, {"model": "admin.logentry", "pk": 193, "fields": {"action_time": "2024-09-12T09:48:40.724Z", "user": 1, "content_type": 8, "object_id": "2", "object_repr": "Women's fashion", "action_flag": 2, "change_message": "[{\"changed\": {\"fields\": [\"Svg\"]}}]"}}, {"model": "admin.logentry", "pk": 194, "fields": {"action_time": "2024-09-12T09:51:01.122Z", "user": 1, "content_type": 8, "object_id": "1", "object_repr": "Electronics", "action_flag": 2, "change_message": "[{\"changed\": {\"fields\": [\"Svg\"]}}]"}}, {"model": "admin.logentry", "pk": 195, "fields": {"action_time": "2024-09-12T09:53:09.831Z", "user": 1, "content_type": 8, "object_id": "1", "object_repr": "Electronics", "action_flag": 2, "change_message": "[{\"changed\": {\"fields\": [\"Svg\"]}}]"}}, {"model": "admin.logentry", "pk": 196, "fields": {"action_time": "2024-09-12T09:54:57.877Z", "user": 1, "content_type": 8, "object_id": "1", "object_repr": "Electronics", "action_flag": 2, "change_message": "[{\"changed\": {\"fields\": [\"Svg\"]}}]"}}, {"model": "admin.logentry", "pk": 197, "fields": {"action_time": "2024-09-12T09:57:02.877Z", "user": 1, "content_type": 8, "object_id": "1", "object_repr": "Electronics", "action_flag": 2, "change_message": "[{\"changed\": {\"fields\": [\"Svg\"]}}]"}}, {"model": "admin.logentry", "pk": 198, "fields": {"action_time": "2024-09-12T10:04:04.824Z", "user": 1, "content_type": 8, "object_id": "1", "object_repr": "Electronics", "action_flag": 2, "change_message": "[{\"changed\": {\"fields\": [\"Svg\"]}}]"}}, {"model": "admin.logentry", "pk": 199, "fields": {"action_time": "2024-09-12T10:04:33.177Z", "user": 1, "content_type": 8, "object_id": "1", "object_repr": "Electronics", "action_flag": 2, "change_message": "[{\"changed\": {\"fields\": [\"Svg\"]}}]"}}, {"model": "admin.logentry", "pk": 200, "fields": {"action_time": "2024-09-12T11:38:36.449Z", "user": 1, "content_type": 8, "object_id": "1", "object_repr": "Electronics", "action_flag": 2, "change_message": "[{\"changed\": {\"fields\": [\"Svg\"]}}]"}}, {"model": "admin.logentry", "pk": 201, "fields": {"action_time": "2024-09-12T11:39:12.478Z", "user": 1, "content_type": 8, "object_id": "1", "object_repr": "Electronics", "action_flag": 2, "change_message": "[{\"changed\": {\"fields\": [\"Svg\"]}}]"}}, {"model": "admin.logentry", "pk": 202, "fields": {"action_time": "2024-09-12T11:40:22.670Z", "user": 1, "content_type": 8, "object_id": "2", "object_repr": "Women's fashion", "action_flag": 2, "change_message": "[{\"changed\": {\"fields\": [\"Svg\"]}}]"}}, {"model": "admin.logentry", "pk": 203, "fields": {"action_time": "2024-09-12T11:55:18.314Z", "user": 1, "content_type": 21, "object_id": "3", "object_repr": "Back to    School", "action_flag": 2, "change_message": "[{\"changed\": {\"fields\": [\"Title\"]}}]"}}, {"model": "admin.logentry", "pk": 204, "fields": {"action_time": "2024-09-12T11:56:30.716Z", "user": 1, "content_type": 21, "object_id": "3", "object_repr": "Back to School", "action_flag": 2, "change_message": "[{\"changed\": {\"fields\": [\"Title\"]}}]"}}, {"model": "admin.logentry", "pk": 205, "fields": {"action_time": "2024-09-12T22:53:29.990Z", "user": 1, "content_type": 11, "object_id": "15", "object_repr": "2024-09-12 22:53:29.979191+00:00", "action_flag": 1, "change_message": "[{\"added\": {}}]"}}, {"model": "auth.user", "pk": 1, "fields": {"password": "pbkdf2_sha256$720000$gmQ3VQTnIobkoCKaseseRN$Tcn2rcpXj8Jnx2tgM2tIG/TElCXn5qPtoFB23U9W+Uo=", "last_login": "2024-09-24T21:50:08.816Z", "is_superuser": true, "username": "a@a.com", "first_name": "Adebola ", "last_name": "", "email": "a@a.com", "is_staff": true, "is_active": true, "date_joined": "2024-08-13T23:02:09.780Z", "groups": [], "user_permissions": []}}, {"model": "auth.user", "pk": 2, "fields": {"password": "pbkdf2_sha256$720000$a6brjPR6W1y5iZaQLziNUc$FvqH9VPa2DN2OpIe39QInyNCgIuWt2qIApCBO7VgJ8E=", "last_login": null, "is_superuser": false, "username": "oguntoyeadebola21@gmail.com", "first_name": "Adebola", "last_name": "Oguntoye", "email": "oguntoyeadebola21@gmail.com", "is_staff": true, "is_active": true, "date_joined": "2024-09-07T11:58:42Z", "groups": [], "user_permissions": []}}, {"model": "auth.user", "pk": 3, "fields": {"password": "pbkdf2_sha256$720000$5SX0tGrZdDTQCPG4IETs89$mp2ZYaYZtQP9o1gOi2bwyfQ67mOFQfikg9Vyb7DKHq0=", "last_login": null, "is_superuser": false, "username": "oguntoyeac@gmail.com", "first_name": "Ade", "last_name": "", "email": "oguntoyeac@gmail.com", "is_staff": false, "is_active": true, "date_joined": "2024-09-12T21:42:19.730Z", "groups": [], "user_permissions": []}}, {"model": "sessions.session", "pk": "3uzzpidifxjslb7jewin3t4rpch970qt", "fields": {"session_data": ".eJxVjLsOAiEURP-F2hC4PLW09xvI5QKyaiBZdivjv7ubbKHNFHPOzJsFXJca1pHnMCV2YZKdfruI9MxtB-mB7d459bbMU-S7wg86-K2n_Loe7t9BxVG3tTCKbHZRiqQgO-uU1cV4D1ErFNpTQR01GEkAKhtAD1sWOvtkHBbJPl_BKDc6:1se0Zl:7yZVvRehRekoFdkZqa-zu-ghd84q2BjRtrF6cOSYplc", "expire_date": "2024-08-27T23:05:13.139Z"}}, {"model": "sessions.session", "pk": "4qwnz1p2dzvt7sds9erit102sn3bwas7", "fields": {"session_data": ".eJxVjLsOAiEURP-F2hC4PLW09xvI5QKyaiBZdivjv7ubbKHNFHPOzJsFXJca1pHnMCV2YZKdfruI9MxtB-mB7d459bbMU-S7wg86-K2n_Loe7t9BxVG3tTCKbHZRiqQgO-uU1cV4D1ErFNpTQR01GEkAKhtAD1sWOvtkHBbJPl_BKDc6:1skIOU:jsuH6GZGJovfQa3d4ci5Wxy6fTzjdzMt_iKVNDQM_6g", "expire_date": "2024-09-14T07:19:34.068Z"}}, {"model": "sessions.session", "pk": "7exu6919196cpr4a2oje3tcclbe60hq5", "fields": {"session_data": ".eJxVjLsOAiEURP-F2hC4PLW09xvI5QKyaiBZdivjv7ubbKHNFHPOzJsFXJca1pHnMCV2YZKdfruI9MxtB-mB7d459bbMU-S7wg86-K2n_Loe7t9BxVG3tTCKbHZRiqQgO-uU1cV4D1ErFNpTQR01GEkAKhtAD1sWOvtkHBbJPl_BKDc6:1skIOV:UA6ljb50DhjIk6yB1cDEBSz_LdRvdAq2gGo7jrllfKo", "expire_date": "2024-09-14T07:19:35.689Z"}}, {"model": "sessions.session", "pk": "dj5thwo5vapkqfschw7o4e9gge8pw0au", "fields": {"session_data": ".eJxVjEEOwiAQRe_C2pBhKCAu3fcMZBhAqoYmpV0Z765NutDtf-_9lwi0rTVsPS9hSuIilDj9bpH4kdsO0p3abZY8t3WZotwVedAuxznl5_Vw_w4q9fqt9eCsIeVhKLmYEtkjWsOmZDhDVECUKLJxRRfrUWuLbkBAzgqAGK14fwDddzeG:1stDQ8:hBJTQ418uZAOSFWLlYhUI9u8upsWiOhFtT9O4eXB9KQ", "expire_date": "2024-10-08T21:50:08.822Z"}}, {"model": "sessions.session", "pk": "f7h5e31duzk3srj40f5q8rl6we7azf5m", "fields": {"session_data": ".eJxVjLsOAiEURP-F2hC4PLW09xvI5QKyaiBZdivjv7ubbKHNFHPOzJsFXJca1pHnMCV2YZKdfruI9MxtB-mB7d459bbMU-S7wg86-K2n_Loe7t9BxVG3tTCKbHZRiqQgO-uU1cV4D1ErFNpTQR01GEkAKhtAD1sWOvtkHBbJPl_BKDc6:1skIOX:uTOxI0_8jmdZr2HzQ8tt1E-he8HIWHKaYjxsD-JCzgE", "expire_date": "2024-09-14T07:19:37.171Z"}}, {"model": "base.media", "pk": 1, "fields": {"title": "Fashion Forward", "img": "media_images/The_image_xyE5qbg.png", "caption": "Discover the latest trends in chic and sophisticated fashion.", "call_to_action_text": "Explore", "button_theme_color": "#fff", "clip_theme_color": "#A303A6", "background_theme_color": "#EE05F2", "text_theme_color": "#ffff", "products": [], "categories": [2], "subcategories": [], "special_offers": []}}, {"model": "base.media", "pk": 2, "fields": {"title": "Exclusive Collection", "img": "media_images/stylish-african-american-man-resting-street-removebg.png", "caption": "For the look gooding guys!", "call_to_action_text": "Shop Now", "button_theme_color": "#fff", "clip_theme_color": "#0583F2", "background_theme_color": "#0367A6", "text_theme_color": "#fff", "products": [], "categories": [8], "subcategories": [], "special_offers": []}}, {"model": "base.media", "pk": 3, "fields": {"title": "Back to School", "img": "media_images/boy-helping-his-friend-with-books-removebg-preview.png", "caption": "Shop School Essentials", "call_to_action_text": "Shop Now", "button_theme_color": "#fff", "clip_theme_color": "#f28d35", "background_theme_color": "#f23e2e", "text_theme_color": "#fff", "products": [1], "categories": [], "subcategories": [], "special_offers": []}}, {"model": "base.category", "pk": 1, "fields": {"name": "Electronics", "svg": "<svg fill=\"#000000\" width=\"24px\" height=\"24px\" viewBox=\"0 0 256 256\" id=\"Flat\" xmlns=\"http://www.w3.org/2000/svg\"><g id=\"SVGRepo_bgCarrier\" stroke-width=\"0\"></g><g id=\"SVGRepo_tracerCarrier\" stroke-linecap=\"round\" stroke-linejoin=\"round\"></g><g id=\"SVGRepo_iconCarrier\"> <path d=\"M216,68H137.65625l41.17187-41.17188a3.99957,3.99957,0,1,0-5.65624-5.65624L128,66.34277,82.82812,21.17188a3.99957,3.99957,0,0,0-5.65624,5.65624L118.34375,68H40A12.01312,12.01312,0,0,0,28,80V200a12.01312,12.01312,0,0,0,12,12H216a12.01312,12.01312,0,0,0,12-12V80A12.01312,12.01312,0,0,0,216,68ZM36,200V80a4.004,4.004,0,0,1,4-4H148V204H40A4.004,4.004,0,0,1,36,200Zm184,0a4.004,4.004,0,0,1-4,4H156V76h60a4.004,4.004,0,0,1,4,4Zm-24-84a8,8,0,1,1-8-8A8,8,0,0,1,196,116Zm0,48a8,8,0,1,1-8-8A8,8,0,0,1,196,164Z\"></path> </g></svg>", "theme_color": "#b4002f", "image": "category_images/modern-stationary-collection-arrangement.jpg", "isMajorCategory": true, "parent": null, "gender": null, "subcategories": [1, 2]}}, {"model": "base.category", "pk": 2, "fields": {"name": "Women's fashion", "svg": "<svg fill=\"#000000\" width=\"24px\" height=\"24px\" viewBox=\"0 0 24 24\" xmlns=\"http://www.w3.org/2000/svg\"><g id=\"SVGRepo_bgCarrier\" stroke-width=\"0\"></g><g id=\"SVGRepo_tracerCarrier\" stroke-linecap=\"round\" stroke-linejoin=\"round\"></g><g id=\"SVGRepo_iconCarrier\"><path d=\"M3.172,22.561A1,1,0,0,0,4,23H20a1,1,0,0,0,.929-1.372l-3.373-8.421A11.013,11.013,0,0,0,19,8V2a1,1,0,0,0-2,0V4.885a8.1,8.1,0,0,0-3-.44,2.882,2.882,0,0,0-2,1.2,2.882,2.882,0,0,0-2-1.2,8.1,8.1,0,0,0-3,.44V2A1,1,0,0,0,5,2V8a11.013,11.013,0,0,0,1.444,5.207L3.071,21.628A1,1,0,0,0,3.172,22.561Zm5.361-9.189A1,1,0,0,0,8.207,12.2C7.7,11.819,7,9.385,7,8c0-.91.215-1.555,2.92-1.566.28.111.97,1.077,1.577,1.43a1,1,0,0,0,1.006,0c.682-.4,1.155-1.166,1.5-1.419,2.785,0,3,.645,3,1.555,0,1.385-.7,3.819-1.207,4.2a1,1,0,0,0-.326,1.171L18.522,21H5.478Z\"></path></g></svg>", "theme_color": null, "image": "category_images/spring-wardrobe-switch-still-life.jpg", "isMajorCategory": true, "parent": null, "gender": null, "subcategories": []}}, {"model": "base.category", "pk": 3, "fields": {"name": "Groceries", "svg": "<svg  width=\"24px\" height=\"24px\" viewBox=\"-5.5 0 32 32\" version=\"1.1\" xmlns=\"http://www.w3.org/2000/svg\"><g id=\"SVGRepo_bgCarrier\" stroke-width=\"0\"></g><g id=\"SVGRepo_tracerCarrier\" stroke-linecap=\"round\" stroke-linejoin=\"round\"></g><g id=\"SVGRepo_iconCarrier\"> <title>fruit-apple</title> <path d=\"M12.16 28.24c-0.64 0-1.2-0.080-1.64-0.28-0.48 0.2-1.040 0.28-1.64 0.28-1.72 0-3.6-0.72-5.080-2-1.88-1.6-3.12-4.040-3.64-7.040-0.52-3.12 0.4-4.96 1.24-5.92 1.080-1.24 2.64-1.96 4.48-1.96 1.76 0 3.48 0.68 4.64 1.8 1.16-1.12 2.88-1.8 4.64-1.8 1.84 0 3.44 0.68 4.48 1.96 0.84 1 1.72 2.84 1.24 5.92-0.48 3-1.76 5.44-3.64 7.040-1.48 1.24-3.32 2-5.080 2zM10.52 26.16c0.16 0 0.32 0.040 0.44 0.12 0.24 0.16 0.68 0.24 1.2 0.24 2 0 6.040-1.6 7.040-7.68 0.32-1.96 0.040-3.52-0.84-4.56-0.76-0.88-1.88-1.36-3.2-1.36-1.64 0-3.2 0.72-3.96 1.88-0.16 0.24-0.4 0.36-0.68 0.36v0c-0.28 0-0.56-0.16-0.68-0.36-0.76-1.12-2.32-1.88-3.96-1.88-1.32 0-2.48 0.48-3.2 1.36-0.88 1.040-1.16 2.6-0.84 4.56 0.44 2.64 2.48 7.68 7.040 7.68 0.52 0 0.96-0.080 1.2-0.24 0.12-0.080 0.28-0.12 0.44-0.12zM7.88 9.92c-0.56 0-1.96-0.12-2.92-1.4-1.12-1.48-1-3.72-0.96-4 0-0.24 0.12-0.48 0.32-0.6 0.2-0.16 0.44-0.2 0.68-0.16s2.44 0.52 3.56 2.040c1.24 1.68 0.44 3.52 0.4 3.6-0.12 0.24-0.36 0.44-0.64 0.48-0.040 0.040-0.2 0.040-0.44 0.040zM5.68 5.76c0.080 0.6 0.24 1.28 0.6 1.76s0.88 0.64 1.24 0.72c0.040-0.36 0.040-0.92-0.32-1.4-0.36-0.52-0.96-0.84-1.52-1.080zM10.52 11.36c-0.080 0-0.16 0-0.24-0.040-0.44-0.12-0.68-0.6-0.56-1.040l1.2-3.96c0.12-0.44 0.6-0.68 1.040-0.56s0.68 0.6 0.56 1.040l-1.2 3.96c-0.12 0.36-0.44 0.6-0.8 0.6z\"></path> </g></svg>", "theme_color": null, "image": "category_images/213313_0UZEt9Y.jpg", "isMajorCategory": true, "parent": null, "gender": null, "subcategories": [5, 6]}}, {"model": "base.category", "pk": 4, "fields": {"name": "Clothing", "svg": null, "theme_color": null, "image": "", "isMajorCategory": false, "parent": 2, "gender": null, "subcategories": [7]}}, {"model": "base.category", "pk": 5, "fields": {"name": "Women's Shoes", "svg": "<svg fill=\"#000000\" height=\"64px\" width=\"64px\" version=\"1.1\" id=\"Layer_1\" xmlns=\"http://www.w3.org/2000/svg\" xmlns:xlink=\"http://www.w3.org/1999/xlink\" viewBox=\"0 0 512 512\" xml:space=\"preserve\"><g id=\"SVGRepo_bgCarrier\" stroke-width=\"0\"></g><g id=\"SVGRepo_tracerCarrier\" stroke-linecap=\"round\" stroke-linejoin=\"round\"></g><g id=\"SVGRepo_iconCarrier\"> <g> <g> <path d=\"M438.418,478.867l-53.434-279.432l4.349-104.37l0.009-2.184V10.199C389.343,4.567,384.776,0,379.144,0 c-5.632,0-10.199,4.567-10.199,10.199v74.242h-31.866c-18.419,0-36.341,3.679-53.269,10.935l-27.809,11.917L228.19,95.375 C211.262,88.12,193.34,84.44,174.921,84.44h-31.866V10.199C143.055,4.567,138.487,0,132.855,0 c-5.632,0-10.199,4.567-10.199,10.199v82.682l0.01,2.184l4.349,104.37L73.582,478.867c-0.585,3.062,0.262,6.224,2.299,8.582 l1.533,1.775c9.909,11.474,24.263,17.942,39.443,17.736c11.725-0.155,22.877-4.287,31.771-11.58 c9.868,9.268,23.089,14.295,36.682,13.866c12.458-0.393,24.306-5.332,33.331-13.746l1.947,1.904 c9.656,9.441,22.315,14.598,35.77,14.597c0.407,0,0.819-0.005,1.227-0.014c13.911-0.323,26.794-6.107,36.28-16.287l0.11-0.119 c9.844,9.141,23.01,14.088,36.468,13.665c12.443-0.392,24.276-5.319,33.295-13.713c9.595,7.773,21.727,11.848,34.253,11.347 c15.171-0.607,29.196-7.845,38.481-19.86C438.258,484.705,438.967,481.737,438.418,478.867z M174.922,104.84 c15.64,0,30.859,3.124,45.233,9.285l31.827,13.639c2.566,1.099,5.47,1.099,8.036,0l31.827-13.639 c14.375-6.161,29.593-9.285,45.233-9.285h31.432l-3.548,85.153H147.037l-3.548-85.153H174.922z M397.176,486.497 c-9.121,0.361-17.889-3.302-24.035-10.065l-2.283-2.51c-1.98-2.178-4.807-3.392-7.744-3.336c-2.941,0.057-5.716,1.381-7.609,3.633 l-3.086,3.671c-5.714,6.794-13.745,10.689-22.617,10.968c-8.894,0.276-17.135-3.103-23.263-9.524l-5.338-5.592 c-1.926-2.016-4.591-3.157-7.377-3.157c-0.02,0-0.041,0-0.062,0c-2.808,0.017-5.485,1.191-7.401,3.246l-7.42,7.964 c-5.708,6.126-13.46,9.606-21.829,9.799c-8.384,0.187-16.276-2.921-22.262-8.775l-9.541-9.328 c-1.909-1.867-4.47-2.907-7.128-2.907c-0.166,0-0.333,0.004-0.499,0.012c-2.833,0.139-5.483,1.452-7.309,3.624l-3.084,3.67 c-5.714,6.794-13.746,10.689-22.618,10.968c-8.878,0.276-17.134-3.103-23.263-9.524l-5.338-5.592 c-2.018-2.114-4.849-3.267-7.769-3.148c-2.921,0.111-5.654,1.472-7.505,3.735l-0.765,0.936 c-5.777,7.061-14.322,11.179-23.443,11.301c-8.264,0.116-16.171-3.084-22.016-8.84l51.119-267.332h220.623l51.132,267.396 C412.029,483.066,404.847,486.19,397.176,486.497z\"></path> </g> </g> <g> <g> <path d=\"M348.93,313.053l-1.036-7.036c-0.821-5.574-6.006-9.42-11.576-8.606c-5.573,0.821-9.425,6.003-8.606,11.576l1.036,7.036 c0.746,5.07,5.103,8.715,10.078,8.715c0.494,0,0.995-0.036,1.498-0.109C345.896,323.808,349.749,318.626,348.93,313.053z\"></path> </g> </g> <g> <g> <path d=\"M369.004,449.391l-14.376-97.635c-0.821-5.572-5.999-9.418-11.577-8.605c-5.573,0.821-9.425,6.004-8.605,11.577 l14.376,97.635c0.747,5.069,5.102,8.714,10.078,8.714c0.494,0,0.995-0.036,1.499-0.109 C365.971,460.147,369.824,454.964,369.004,449.391z\"></path> </g> </g> </g></svg>", "theme_color": null, "image": "", "isMajorCategory": false, "parent": 2, "gender": "women", "subcategories": [4]}}, {"model": "base.category", "pk": 6, "fields": {"name": "Shoes", "svg": null, "theme_color": null, "image": "", "isMajorCategory": false, "parent": null, "gender": null, "subcategories": []}}, {"model": "base.category", "pk": 7, "fields": {"name": "Men' Shoes", "svg": null, "theme_color": null, "image": "", "isMajorCategory": false, "parent": 8, "gender": "men", "subcategories": []}}, {"model": "base.category", "pk": 8, "fields": {"name": "Men' Fashion", "svg": "<svg  width=\"24px\" height=\"24px\" viewBox=\"0 0 64 64\" xmlns=\"http://www.w3.org/2000/svg\"><g id=\"SVGRepo_bgCarrier\" stroke-width=\"0\"></g><g id=\"SVGRepo_tracerCarrier\" stroke-linecap=\"round\" stroke-linejoin=\"round\"></g><g id=\"SVGRepo_iconCarrier\"> <g id=\"a\"></g> <g id=\"b\"></g> <g id=\"c\"></g> <g id=\"d\"></g> <g id=\"e\"></g> <g id=\"f\"></g> <g id=\"g\"></g> <g id=\"h\"></g> <g id=\"i\"></g> <g id=\"j\"></g> <g id=\"k\"></g> <g id=\"l\"></g> <g id=\"m\"></g> <g id=\"n\"></g> <g id=\"o\"></g> <g id=\"p\"></g> <g id=\"q\"></g> <g id=\"r\"></g> <g id=\"s\"></g> <g id=\"t\"></g> <g id=\"u\"></g> <g id=\"v\"></g> <g id=\"w\"></g> <g id=\"x\"></g> <g id=\"y\"></g> <g id=\"a`\"></g> <g id=\"aa\"></g> <g id=\"ab\"></g> <g id=\"ac\"></g> <g id=\"ad\"></g> <g id=\"ae\"></g> <g id=\"af\"></g> <g id=\"ag\"> <path d=\"M5.03,29.4l6.97,4.11v21.9c0,1.18,.96,2.14,2.14,2.14H49.86c1.18,0,2.14-.96,2.14-2.14v-21.9l6.97-4.11c.49-.29,.84-.77,.97-1.32,.13-.55,.02-1.14-.29-1.62l-7.66-11.65v-.07c0-1.18-.96-2.14-2.14-2.14h-5.59l-3.1-5.22c-.3-.5-.8-.84-1.38-.92-.39-.06-.77,.05-1.12,.22h-13.35c-.35-.18-.72-.28-1.12-.22-.58,.08-1.08,.42-1.37,.92l-3.1,5.22h-5.59c-1.18,0-2.14,.96-2.14,2.14l-7.66,11.72c-.31,.47-.42,1.06-.29,1.62s.48,1.04,.97,1.32Zm52.96-1.84l.84-.55-.86,.67-5.96,3.51v-12.74l5.98,9.11Zm-15.57-14.17l-6.75,5.84-2.44-4.98,6.27-5.77,2.92,4.91Zm-10.42-.72l-4.33-3.98h8.66l-4.33,3.98Zm-7.5-4.18l6.27,5.77-2.44,4.98-6.75-5.84,2.92-4.9Zm-10.36,6.11h5.79l8.08,7c.5,.43,1.27,.27,1.55-.32l2.45-4.98,2.45,4.98c.29,.59,1.06,.74,1.55,.32l8.08-7h5.78c.08,0,.14,.06,.14,.14h0V55.42c0,.08-.06,.14-.14,.14H14.14c-.08,0-.14-.06-.14-.14V14.74h0c0-.08,.06-.14,.14-.14ZM6.01,27.56l5.99-9.11v12.74l-5.96-3.51-.51,.86,.48-.98Z\"></path> </g> <g id=\"ah\"></g> <g id=\"ai\"></g> <g id=\"aj\"></g> <g id=\"ak\"></g> <g id=\"al\"></g> <g id=\"am\"></g> <g id=\"an\"></g> <g id=\"ao\"></g> <g id=\"ap\"></g> <g id=\"aq\"></g> <g id=\"ar\"></g> <g id=\"as\"></g> <g id=\"at\"></g> <g id=\"au\"></g> <g id=\"av\"></g> <g id=\"aw\"></g> <g id=\"ax\"></g> </g></svg>", "theme_color": null, "image": "category_images/2150264154.jpg", "isMajorCategory": true, "parent": null, "gender": null, "subcategories": []}}, {"model": "base.brand", "pk": 1, "fields": {"name": "Sonitum"}}, {"model": "base.brand", "pk": 2, "fields": {"name": "Voova"}}, {"model": "base.brand", "pk": 3, "fields": {"name": "DREAM PAIRS"}}, {"model": "base.brand", "pk": 4, "fields": {"name": "Knorr"}}, {"model": "base.brand", "pk": 5, "fields": {"name": "Bacardi"}}, {"model": "base.subcategory", "pk": 1, "fields": {"name": "Accesories and Supplies", "image": "", "categories": [1]}}, {"model": "base.subcategory", "pk": 2, "fields": {"name": "Computers and Accesories", "image": "", "categories": [1]}}, {"model": "base.subcategory", "pk": 4, "fields": {"name": "Stilettos", "image": "", "categories": [2]}}, {"model": "base.subcategory", "pk": 5, "fields": {"name": "Cooking Ingredients", "image": "", "categories": [3]}}, {"model": "base.subcategory", "pk": 6, "fields": {"name": "Beer, Wine  and Spirit", "image": "", "categories": [3]}}, {"model": "base.subcategory", "pk": 7, "fields": {"name": "Tops and Tees", "image": "subcategory_images/afraid-express-myself-joyful-charismatic-african-american-woman-tshir_0IUt2lU.jpg", "categories": [2, 4]}}, {"model": "base.subcategory", "pk": 8, "fields": {"name": "Sneaker", "image": "", "categories": [7, 8]}}, {"model": "base.specialoffer", "pk": 2, "fields": {"offer_type": "Clearance Sales", "start_date": "2024-09-10T10:53:41Z", "end_date": "2024-09-17T00:00:00Z", "name": "Clearance"}}, {"model": "base.specialoffer", "pk": 3, "fields": {"offer_type": "Special Deals", "start_date": null, "end_date": null, "name": "Under 20 dollar"}}, {"model": "base.product", "pk": 1, "fields": {"user": 1, "name": "Kids Headphones", "SKU": "12decwfwef", "image": "headset.jpg", "description": "Kids Headphones Bulk 5 Pack, Student On Ear Color Varieties, Comfy Swivel Earphones for Classroom, Library, School, Airplane, for Online Learning and Travel, Noise Stereo Sound 3.5mm Jack (Colorful)", "rating": "3.00", "numReviews": 1, "price": "115.97", "countInStock": 0, "discount": 5, "new_price": "109.97", "createdAt": "2024-08-13T23:37:10.985Z", "brands": [1], "categories": [1], "subcategories": [1], "special_offers": []}}, {"model": "base.product", "pk": 2, "fields": {"user": 1, "name": "Voova Puffy Laptop Sleeve", "SKU": null, "image": "lapbag.jpg", "description": "Voova Puffy Laptop Sleeve Carrying Case 14 15 Inch, Cute Computer Cover Bag with Accessories Pouch for MacBook Air M2 15, MacBook Pro 14, 15 Surface Laptop 5/4, HP Chromebook 14, Apricot", "rating": null, "numReviews": 0, "price": "18.49", "countInStock": 39, "discount": 8, "new_price": "17.99", "createdAt": "2024-08-23T16:31:12.588Z", "brands": [2], "categories": [1], "subcategories": [1, 2], "special_offers": []}}, {"model": "base.product", "pk": 3, "fields": {"user": 1, "name": "DREAM PAIRS High Heels", "SKU": "WSH1", "image": "SHOE.jpg", "description": "DREAM PAIRS High Heels for Women Closed Pointed Toe Dress Shoes for Women Ankle Strap Stiletto Heel Party Wedding Sexy Pump Shoes", "rating": null, "numReviews": 0, "price": "42.99", "countInStock": 0, "discount": 19, "new_price": "34.99", "createdAt": "2024-09-06T21:39:31.741Z", "brands": [3], "categories": [5], "subcategories": [4], "special_offers": [2]}}, {"model": "base.product", "pk": 4, "fields": {"user": 1, "name": "Knorr Chicken", "SKU": "KN679FF1ML7MVNAFAMZ", "image": "knorr.jpg", "description": "Knorr Chicken Bouillon Seasoning Cubes 48X8g Triple Pack", "rating": null, "numReviews": 0, "price": "45.00", "countInStock": 0, "discount": 3, "new_price": "42.00", "createdAt": "2024-09-06T22:58:48.605Z", "brands": [4], "categories": [3], "subcategories": [5], "special_offers": []}}, {"model": "base.product", "pk": 5, "fields": {"user": 1, "name": "Bacardi 8 Years Rum 70cl", "SKU": "BA217GR04KMSYNAFAMZ", "image": "bacardi.jpg", "description": "BACARDI Reserva Ocho 8 Year Old Gold Rum is one of the oldest private rum blends in the world that you can casually sip for an elevated drinking experience. This gluten free golden rum is barrel aged for no less than 8 years under the Caribbean sun and filtered through charcoal, resulting in uncompromising quality. Offering a smooth taste, this complex aged rum features a deep, layered and mellow flavour of dried fruits, spices and oaky vanilla.", "rating": null, "numReviews": 0, "price": "400.00", "countInStock": 23, "discount": 10, "new_price": "360.00", "createdAt": "2024-09-06T23:10:13.614Z", "brands": [5], "categories": [3], "subcategories": [6], "special_offers": []}}, {"model": "base.product", "pk": 6, "fields": {"user": 1, "name": "MANGOPOP Henley Bodysuit", "SKU": null, "image": "bodysuit.jpg", "description": "MANGOPOP Henley Bodysuit for Women Button Down Long Sleeve Tops Body Suits Dressy Blouse Casual", "rating": null, "numReviews": 0, "price": "14.99", "countInStock": 0, "discount": null, "new_price": "14.99", "createdAt": "2024-09-07T09:53:55.933Z", "brands": [], "categories": [2, 4], "subcategories": [7], "special_offers": []}}, {"model": "base.product", "pk": 7, "fields": {"user": 1, "name": "Men's Trendy Casual Sneakers", "SKU": null, "image": "men_sneakers.jpg", "description": "", "rating": null, "numReviews": 0, "price": null, "countInStock": 0, "discount": null, "new_price": null, "createdAt": "2024-09-07T18:41:11.067Z", "brands": [], "categories": [7, 8], "subcategories": [8], "special_offers": []}}, {"model": "base.thumbnail", "pk": 1, "fields": {"product": 1, "image": "thumbnails/h1.jpg"}}, {"model": "base.thumbnail", "pk": 2, "fields": {"product": 1, "image": "thumbnails/h2.jpg"}}, {"model": "base.thumbnail", "pk": 3, "fields": {"product": 1, "image": "thumbnails/h3.jpg"}}, {"model": "base.thumbnail", "pk": 4, "fields": {"product": 1, "image": "thumbnails/h4.jpg"}}, {"model": "base.thumbnail", "pk": 5, "fields": {"product": 2, "image": "thumbnails/lapbag1.jpg"}}, {"model": "base.thumbnail", "pk": 6, "fields": {"product": 2, "image": "thumbnails/lapbag2.jpg"}}, {"model": "base.thumbnail", "pk": 7, "fields": {"product": 2, "image": "thumbnails/lapbag3.jpg"}}, {"model": "base.thumbnail", "pk": 8, "fields": {"product": 2, "image": "thumbnails/lapbag4.jpg"}}, {"model": "base.thumbnail", "pk": 9, "fields": {"product": 2, "image": "thumbnails/lapbag5.jpg"}}, {"model": "base.thumbnail", "pk": 11, "fields": {"product": 3, "image": "thumbnails/SH1.jpg"}}, {"model": "base.thumbnail", "pk": 12, "fields": {"product": 3, "image": "thumbnails/SH2.jpg"}}, {"model": "base.thumbnail", "pk": 13, "fields": {"product": 3, "image": "thumbnails/SH3.jpg"}}, {"model": "base.thumbnail", "pk": 14, "fields": {"product": 3, "image": "thumbnails/SH4.jpg"}}, {"model": "base.thumbnail", "pk": 15, "fields": {"product": 4, "image": "thumbnails/k1.jpg"}}, {"model": "base.thumbnail", "pk": 16, "fields": {"product": 5, "image": "thumbnails/b2.jpg"}}, {"model": "base.thumbnail", "pk": 17, "fields": {"product": 5, "image": "thumbnails/b3.jpg"}}, {"model": "base.thumbnail", "pk": 18, "fields": {"product": 5, "image": "thumbnails/b4.jpg"}}, {"model": "base.thumbnail", "pk": 19, "fields": {"product": 6, "image": "thumbnails/bs1.jpg"}}, {"model": "base.thumbnail", "pk": 20, "fields": {"product": 6, "image": "thumbnails/bs2.jpg"}}, {"model": "base.thumbnail", "pk": 21, "fields": {"product": 6, "image": "thumbnails/bs-3.jpg"}}, {"model": "base.thumbnail", "pk": 22, "fields": {"product": 6, "image": "thumbnails/bs4.jpg"}}, {"model": "base.thumbnail", "pk": 23, "fields": {"product": 7, "image": "thumbnails/m1.jpg"}}, {"model": "base.thumbnail", "pk": 24, "fields": {"product": 7, "image": "thumbnails/m2.jpg"}}, {"model": "base.thumbnail", "pk": 25, "fields": {"product": 7, "image": "thumbnails/m3.jpg"}}, {"model": "base.variationtype", "pk": 1, "fields": {"name": "Size"}}, {"model": "base.variationtype", "pk": 2, "fields": {"name": "Color"}}, {"model": "base.variationvalue", "pk": 1, "fields": {"variation_type": 1, "value": "13-13.6 Inch"}}, {"model": "base.variationvalue", "pk": 2, "fields": {"variation_type": 1, "value": "14-15 Inch"}}, {"model": "base.variationvalue", "pk": 3, "fields": {"variation_type": 1, "value": "15.6- 16 Inch"}}, {"model": "base.variationvalue", "pk": 4, "fields": {"variation_type": 2, "value": "teal"}}, {"model": "base.variationvalue", "pk": 5, "fields": {"variation_type": 2, "value": "black"}}, {"model": "base.variationvalue", "pk": 6, "fields": {"variation_type": 2, "value": "pink"}}, {"model": "base.variationvalue", "pk": 7, "fields": {"variation_type": 1, "value": "13-13.6 Inch"}}, {"model": "base.variationvalue", "pk": 8, "fields": {"variation_type": 1, "value": "14-15 Inch"}}, {"model": "base.variationvalue", "pk": 9, "fields": {"variation_type": 1, "value": "15.6-16 Inch"}}, {"model": "base.variationvalue", "pk": 10, "fields": {"variation_type": 2, "value": "black"}}, {"model": "base.variationvalue", "pk": 11, "fields": {"variation_type": 2, "value": "teal"}}, {"model": "base.variationvalue", "pk": 12, "fields": {"variation_type": 2, "value": "pink"}}, {"model": "base.variationvalue", "pk": 13, "fields": {"variation_type": 2, "value": "Red"}}, {"model": "base.variationvalue", "pk": 14, "fields": {"variation_type": 2, "value": "White"}}, {"model": "base.variationvalue", "pk": 15, "fields": {"variation_type": 2, "value": "Silver"}}, {"model": "base.variationvalue", "pk": 16, "fields": {"variation_type": 2, "value": "#967969"}}, {"model": "base.variationvalue", "pk": 17, "fields": {"variation_type": 2, "value": "#FF66CC"}}, {"model": "base.variationvalue", "pk": 18, "fields": {"variation_type": 2, "value": "#6F4E37"}}, {"model": "base.variationvalue", "pk": 19, "fields": {"variation_type": 2, "value": "#013220"}}, {"model": "base.variationvalue", "pk": 20, "fields": {"variation_type": 1, "value": "Xsmall"}}, {"model": "base.variationvalue", "pk": 21, "fields": {"variation_type": 1, "value": "Small"}}, {"model": "base.variationvalue", "pk": 22, "fields": {"variation_type": 1, "value": "Medium"}}, {"model": "base.variationvalue", "pk": 23, "fields": {"variation_type": 1, "value": "Large"}}, {"model": "base.variationvalue", "pk": 24, "fields": {"variation_type": 1, "value": "XLarge"}}, {"model": "base.variationvalue", "pk": 25, "fields": {"variation_type": 1, "value": "XXLarge"}}, {"model": "base.variation", "pk": 1, "fields": {"product": 2, "variation_type": 1, "values": [7, 8, 9, 10, 11, 12]}}, {"model": "base.variation", "pk": 3, "fields": {"product": 3, "variation_type": 2, "values": [10, 13, 14, 15]}}, {"model": "base.variation", "pk": 4, "fields": {"product": 6, "variation_type": 2, "values": [10, 13, 14, 15, 16, 17, 18, 19]}}, {"model": "base.variation", "pk": 5, "fields": {"product": 6, "variation_type": 1, "values": [20, 21, 22, 23, 24, 25]}}, {"model": "base.review", "pk": 1, "fields": {"product": 1, "user": 2, "name": "Adebola", "rating": 3, "comment": "good", "createdAt": "2024-09-11T16:11:54.911Z"}}, {"model": "base.order", "pk": 4, "fields": {"user": 2, "paymentMethod": "Paystack", "taxPrice": "66.57", "shippingPrice": "0.00", "totalPrice": "878.36", "isPaid": false, "paidAt": null, "isDelivered": false, "deliveredAt": null, "createdAt": "2024-09-11T12:36:01.898Z", "deliveryPrice": null, "deliveryTerms": null, "deliveryDays": null}}, {"model": "base.order", "pk": 5, "fields": {"user": 2, "paymentMethod": "Paystack", "taxPrice": "9.51", "shippingPrice": "0.00", "totalPrice": "125.48", "isPaid": false, "paidAt": null, "isDelivered": false, "deliveredAt": null, "createdAt": "2024-09-11T12:41:26.891Z", "deliveryPrice": null, "deliveryTerms": null, "deliveryDays": null}}, {"model": "base.order", "pk": 6, "fields": {"user": 2, "paymentMethod": "PayPal", "taxPrice": "9.51", "shippingPrice": "0.00", "totalPrice": "125.48", "isPaid": false, "paidAt": null, "isDelivered": false, "deliveredAt": null, "createdAt": "2024-09-11T12:52:30.779Z", "deliveryPrice": null, "deliveryTerms": null, "deliveryDays": null}}, {"model": "base.order", "pk": 7, "fields": {"user": 2, "paymentMethod": "Paystack", "taxPrice": "9.51", "shippingPrice": "0.00", "totalPrice": "125.48", "isPaid": true, "paidAt": "2024-09-11T14:40:18.097Z", "isDelivered": false, "deliveredAt": null, "createdAt": "2024-09-11T13:33:17.304Z", "deliveryPrice": null, "deliveryTerms": null, "deliveryDays": null}}, {"model": "base.order", "pk": 8, "fields": {"user": 2, "paymentMethod": "PayPal", "taxPrice": "9.51", "shippingPrice": "0.00", "totalPrice": "125.48", "isPaid": true, "paidAt": "2024-09-11T14:42:11.431Z", "isDelivered": true, "deliveredAt": "2024-09-11T14:42:39.567Z", "createdAt": "2024-09-11T13:41:27.836Z", "deliveryPrice": null, "deliveryTerms": null, "deliveryDays": null}}, {"model": "base.order", "pk": 9, "fields": {"user": 2, "paymentMethod": "PayPal", "taxPrice": "9.51", "shippingPrice": "0.00", "totalPrice": "125.48", "isPaid": false, "paidAt": null, "isDelivered": false, "deliveredAt": null, "createdAt": "2024-09-11T13:56:55.586Z", "deliveryPrice": null, "deliveryTerms": null, "deliveryDays": null}}, {"model": "base.order", "pk": 10, "fields": {"user": 2, "paymentMethod": "Paystack", "taxPrice": "9.51", "shippingPrice": "0.00", "totalPrice": "125.48", "isPaid": false, "paidAt": null, "isDelivered": false, "deliveredAt": null, "createdAt": "2024-09-11T14:11:52.395Z", "deliveryPrice": null, "deliveryTerms": null, "deliveryDays": null}}, {"model": "base.order", "pk": 11, "fields": {"user": 2, "paymentMethod": "PayPal", "taxPrice": "9.51", "shippingPrice": "0.00", "totalPrice": "125.48", "isPaid": false, "paidAt": null, "isDelivered": false, "deliveredAt": null, "createdAt": "2024-09-11T14:12:54.117Z", "deliveryPrice": null, "deliveryTerms": null, "deliveryDays": null}}, {"model": "base.order", "pk": 12, "fields": {"user": 2, "paymentMethod": "Paystack", "taxPrice": "9.51", "shippingPrice": "0.00", "totalPrice": "125.48", "isPaid": true, "paidAt": "2024-09-11T15:13:39.357Z", "isDelivered": false, "deliveredAt": null, "createdAt": "2024-09-11T14:13:24.557Z", "deliveryPrice": null, "deliveryTerms": null, "deliveryDays": null}}, {"model": "base.order", "pk": 13, "fields": {"user": 2, "paymentMethod": "PayPal", "taxPrice": "1.52", "shippingPrice": "10.00", "totalPrice": "30.01", "isPaid": true, "paidAt": "2024-09-11T15:29:00.528Z", "isDelivered": false, "deliveredAt": null, "createdAt": "2024-09-11T14:28:36.614Z", "deliveryPrice": null, "deliveryTerms": null, "deliveryDays": null}}, {"model": "base.order", "pk": 14, "fields": {"user": 3, "paymentMethod": "Paystack", "taxPrice": "3.03", "shippingPrice": "10.00", "totalPrice": "50.01", "isPaid": true, "paidAt": "2024-09-12T23:08:48.981Z", "isDelivered": false, "deliveredAt": null, "createdAt": "2024-09-12T22:08:16.162Z", "deliveryPrice": null, "deliveryTerms": null, "deliveryDays": null}}, {"model": "base.order", "pk": 15, "fields": {"user": 3, "paymentMethod": "Paystack", "taxPrice": "0.02", "shippingPrice": "10.00", "totalPrice": "300.00", "isPaid": true, "paidAt": "2024-09-12T22:52:27Z", "isDelivered": false, "deliveredAt": null, "createdAt": "2024-09-12T22:53:29.979Z", "deliveryPrice": "200.00", "deliveryTerms": "", "deliveryDays": null}}, {"model": "base.order", "pk": 16, "fields": {"user": 3, "paymentMethod": "PayPal", "taxPrice": "1.52", "shippingPrice": "10.00", "totalPrice": "30.01", "isPaid": false, "paidAt": null, "isDelivered": false, "deliveredAt": null, "createdAt": "2024-09-12T22:56:24.008Z", "deliveryPrice": null, "deliveryTerms": null, "deliveryDays": null}}, {"model": "base.order", "pk": 17, "fields": {"user": 3, "paymentMethod": "Paystack", "taxPrice": "1.52", "shippingPrice": "10.00", "totalPrice": "30.01", "isPaid": true, "paidAt": "2024-09-12T22:57:28.487Z", "isDelivered": false, "deliveredAt": null, "createdAt": "2024-09-12T22:57:12.754Z", "deliveryPrice": null, "deliveryTerms": null, "deliveryDays": null}}, {"model": "base.order", "pk": 18, "fields": {"user": 3, "paymentMethod": "PayPal", "taxPrice": "1.52", "shippingPrice": "10.00", "totalPrice": "30.01", "isPaid": false, "paidAt": null, "isDelivered": false, "deliveredAt": null, "createdAt": "2024-09-12T22:58:37.917Z", "deliveryPrice": null, "deliveryTerms": null, "deliveryDays": null}}, {"model": "base.order", "pk": 19, "fields": {"user": 3, "paymentMethod": "Paystack", "taxPrice": "1.52", "shippingPrice": "10.00", "totalPrice": "30.01", "isPaid": false, "paidAt": null, "isDelivered": false, "deliveredAt": null, "createdAt": "2024-09-12T23:06:37.175Z", "deliveryPrice": null, "deliveryTerms": null, "deliveryDays": null}}, {"model": "base.order", "pk": 20, "fields": {"user": 3, "paymentMethod": "PayPal", "taxPrice": "1.52", "shippingPrice": "10.00", "totalPrice": "30.01", "isPaid": false, "paidAt": null, "isDelivered": false, "deliveredAt": null, "createdAt": "2024-09-12T23:07:30.299Z", "deliveryPrice": null, "deliveryTerms": null, "deliveryDays": null}}, {"model": "base.order", "pk": 21, "fields": {"user": 3, "paymentMethod": "PayPal", "taxPrice": "1.52", "shippingPrice": "10.00", "totalPrice": "30.01", "isPaid": false, "paidAt": null, "isDelivered": false, "deliveredAt": null, "createdAt": "2024-09-12T23:09:37.939Z", "deliveryPrice": null, "deliveryTerms": null, "deliveryDays": null}}, {"model": "base.order", "pk": 22, "fields": {"user": 1, "paymentMethod": "PayPal", "taxPrice": "1.52", "shippingPrice": "10.00", "totalPrice": "30.01", "isPaid": false, "paidAt": null, "isDelivered": false, "deliveredAt": null, "createdAt": "2024-09-14T13:58:58.313Z", "deliveryPrice": null, "deliveryTerms": null, "deliveryDays": null}}, {"model": "base.orderitem", "pk": 1, "fields": {"product": 3, "order": null, "name": "DREAM PAIRS High Heels", "qty": 5, "price": "42.99", "image": "/images/SHOE.jpg"}}, {"model": "base.orderitem", "pk": 2, "fields": {"product": 2, "order": null, "name": "Voova Puffy Laptop Sleeve", "qty": 1, "price": "18.49", "image": "/images/lapbag.jpg"}}, {"model": "base.orderitem", "pk": 3, "fields": {"product": 3, "order": null, "name": "DREAM PAIRS High Heels", "qty": 3, "price": "42.99", "image": "/images/SHOE.jpg"}}, {"model": "base.orderitem", "pk": 4, "fields": {"product": 1, "order": 4, "name": "Kids Headphones", "qty": 7, "price": "115.97", "image": "/images/headset.jpg"}}, {"model": "base.orderitem", "pk": 5, "fields": {"product": 1, "order": 5, "name": "Kids Headphones", "qty": 1, "price": "115.97", "image": "/images/headset.jpg"}}, {"model": "base.orderitem", "pk": 6, "fields": {"product": 1, "order": 6, "name": "Kids Headphones", "qty": 1, "price": "115.97", "image": "/images/headset.jpg"}}, {"model": "base.orderitem", "pk": 7, "fields": {"product": 1, "order": 7, "name": "Kids Headphones", "qty": 1, "price": "115.97", "image": "/images/headset.jpg"}}, {"model": "base.orderitem", "pk": 8, "fields": {"product": 1, "order": 8, "name": "Kids Headphones", "qty": 1, "price": "115.97", "image": "/images/headset.jpg"}}, {"model": "base.orderitem", "pk": 9, "fields": {"product": 1, "order": 9, "name": "Kids Headphones", "qty": 1, "price": "115.97", "image": "/images/headset.jpg"}}, {"model": "base.orderitem", "pk": 10, "fields": {"product": 1, "order": 10, "name": "Kids Headphones", "qty": 1, "price": "115.97", "image": "/images/headset.jpg"}}, {"model": "base.orderitem", "pk": 11, "fields": {"product": 1, "order": 11, "name": "Kids Headphones", "qty": 1, "price": "115.97", "image": "/images/headset.jpg"}}, {"model": "base.orderitem", "pk": 12, "fields": {"product": 1, "order": 12, "name": "Kids Headphones", "qty": 1, "price": "115.97", "image": "/images/headset.jpg"}}, {"model": "base.orderitem", "pk": 13, "fields": {"product": 2, "order": 13, "name": "Voova Puffy Laptop Sleeve", "qty": 1, "price": "18.49", "image": "/images/lapbag.jpg"}}, {"model": "base.orderitem", "pk": 14, "fields": {"product": 2, "order": 14, "name": "Voova Puffy Laptop Sleeve", "qty": 2, "price": "18.49", "image": "/images/lapbag.jpg"}}, {"model": "base.orderitem", "pk": 15, "fields": {"product": 2, "order": 16, "name": "Voova Puffy Laptop Sleeve", "qty": 1, "price": "18.49", "image": "/images/lapbag.jpg"}}, {"model": "base.orderitem", "pk": 16, "fields": {"product": 2, "order": 17, "name": "Voova Puffy Laptop Sleeve", "qty": 1, "price": "18.49", "image": "/images/lapbag.jpg"}}, {"model": "base.orderitem", "pk": 17, "fields": {"product": 2, "order": 18, "name": "Voova Puffy Laptop Sleeve", "qty": 1, "price": "18.49", "image": "/images/lapbag.jpg"}}, {"model": "base.orderitem", "pk": 18, "fields": {"product": 2, "order": 19, "name": "Voova Puffy Laptop Sleeve", "qty": 1, "price": "18.49", "image": "/images/lapbag.jpg"}}, {"model": "base.orderitem", "pk": 19, "fields": {"product": 2, "order": 20, "name": "Voova Puffy Laptop Sleeve", "qty": 1, "price": "18.49", "image": "/images/lapbag.jpg"}}, {"model": "base.orderitem", "pk": 20, "fields": {"product": 2, "order": 21, "name": "Voova Puffy Laptop Sleeve", "qty": 1, "price": "18.49", "image": "/images/lapbag.jpg"}}, {"model": "base.orderitem", "pk": 21, "fields": {"product": 2, "order": 22, "name": "Voova Puffy Laptop Sleeve", "qty": 1, "price": "18.49", "image": "/images/lapbag.jpg"}}, {"model": "base.shippingaddress", "pk": 4, "fields": {"order": 4, "address": "38, Tiamiyu Lawal street, Peace estate, Akinola", "city": "Ipaja", "postalCode": "100323", "country": "Nigeria", "shippingPrice": null, "deliveryDetails": null}}, {"model": "base.shippingaddress", "pk": 5, "fields": {"order": 5, "address": "38, Tiamiyu Lawal street, Peace estate, Akinola", "city": "Ipaja", "postalCode": "100323", "country": "Nigeria", "shippingPrice": null, "deliveryDetails": null}}, {"model": "base.shippingaddress", "pk": 6, "fields": {"order": 6, "address": "38, Tiamiyu Lawal street, Peace estate, Akinola", "city": "Ipaja", "postalCode": "100323", "country": "Nigeria", "shippingPrice": null, "deliveryDetails": null}}, {"model": "base.shippingaddress", "pk": 7, "fields": {"order": 7, "address": "38, Tiamiyu Lawal street, Peace estate, Akinola", "city": "Ipaja", "postalCode": "100323", "country": "Nigeria", "shippingPrice": null, "deliveryDetails": null}}, {"model": "base.shippingaddress", "pk": 8, "fields": {"order": 8, "address": "38, Tiamiyu Lawal street, Peace estate, Akinola", "city": "Ipaja", "postalCode": "100323", "country": "Nigeria", "shippingPrice": null, "deliveryDetails": null}}, {"model": "base.shippingaddress", "pk": 9, "fields": {"order": 9, "address": "38, Tiamiyu Lawal street, Peace estate, Akinola", "city": "Ipaja", "postalCode": "100323", "country": "Nigeria", "shippingPrice": null, "deliveryDetails": null}}, {"model": "base.shippingaddress", "pk": 10, "fields": {"order": 10, "address": "38, Tiamiyu Lawal street, Peace estate, Akinola", "city": "Ipaja", "postalCode": "100323", "country": "Nigeria", "shippingPrice": null, "deliveryDetails": null}}, {"model": "base.shippingaddress", "pk": 11, "fields": {"order": 11, "address": "38, Tiamiyu Lawal street, Peace estate, Akinola", "city": "Ipaja", "postalCode": "100323", "country": "Nigeria", "shippingPrice": null, "deliveryDetails": null}}, {"model": "base.shippingaddress", "pk": 12, "fields": {"order": 12, "address": "38, Tiamiyu Lawal street, Peace estate, Akinola", "city": "Ipaja", "postalCode": "100323", "country": "Nigeria", "shippingPrice": null, "deliveryDetails": null}}, {"model": "base.shippingaddress", "pk": 13, "fields": {"order": 13, "address": "38, Tiamiyu Lawal street, Peace estate, Akinola", "city": "Ipaja", "postalCode": "100323", "country": "Nigeria", "shippingPrice": null, "deliveryDetails": null}}, {"model": "base.shippingaddress", "pk": 14, "fields": {"order": 14, "address": "38, Tiamiyu Lawal street, Peace estate, Akinola", "city": "Ipaja", "postalCode": "100323", "country": "Nigeria", "shippingPrice": null, "deliveryDetails": null}}, {"model": "base.shippingaddress", "pk": 15, "fields": {"order": 16, "address": "38, Tiamiyu Lawal street, Peace estate, Akinola", "city": "Ipaja", "postalCode": "100323", "country": "Nigeria", "shippingPrice": null, "deliveryDetails": null}}, {"model": "base.shippingaddress", "pk": 16, "fields": {"order": 17, "address": "38, Tiamiyu Lawal street, Peace estate, Akinola", "city": "Ipaja", "postalCode": "100323", "country": "Nigeria", "shippingPrice": null, "deliveryDetails": null}}, {"model": "base.shippingaddress", "pk": 17, "fields": {"order": 18, "address": "38, Tiamiyu Lawal street, Peace estate, Akinola", "city": "Ipaja", "postalCode": "100323", "country": "Nigeria", "shippingPrice": null, "deliveryDetails": null}}, {"model": "base.shippingaddress", "pk": 18, "fields": {"order": 19, "address": "38, Tiamiyu Lawal street, Peace estate, Akinola", "city": "Ipaja", "postalCode": "100323", "country": "Nigeria", "shippingPrice": null, "deliveryDetails": null}}, {"model": "base.shippingaddress", "pk": 19, "fields": {"order": 20, "address": "38, Tiamiyu Lawal street, Peace estate, Akinola", "city": "Ipaja", "postalCode": "100323", "country": "Nigeria", "shippingPrice": null, "deliveryDetails": null}}, {"model": "base.shippingaddress", "pk": 20, "fields": {"order": 21, "address": "38, Tiamiyu Lawal street, Peace estate, Akinola", "city": "Ipaja", "postalCode": "100323", "country": "Nigeria", "shippingPrice": null, "deliveryDetails": null}}, {"model": "base.shippingaddress", "pk": 21, "fields": {"order": 22, "address": "38, Tiamiyu Lawal street, Peace estate, Akinola", "city": "Ipaja", "postalCode": "100323", "country": "Nigeria", "shippingPrice": null, "deliveryDetails": null}}, {"model": "base.productspecification", "pk": 1, "fields": {"product": 3, "title": "Sole material", "value": "OUTSOLE/GERMAN"}}, {"model": "base.productspecification", "pk": 2, "fields": {"product": 3, "title": "Outer material", "value": "PU/CHUNKY GLITTER"}}, {"model": "base.productspecification", "pk": 3, "fields": {"product": 3, "title": "Closure Type", "value": "Buckle"}}, {"model": "base.productspecification", "pk": 4, "fields": {"product": 3, "title": "Water Resistance", "value": "Not Water Resistant"}}]